{
"type": "FeatureCollection",
"name": "batas_kalurahan",
"crs": { "type": "name", "properties": { "name": "urn:ogc:def:crs:OGC:1.3:CRS84" } },
"features": [
{ "type": "Feature", "properties": { "kapanewon": "Depok", "kalurahan": "Caturtunggal", "luas_ha": 1038.31018348 }, "geometry": { "type": "Polygon", "coordinates": [ [ [ 110.385226068999771, -7.75165940199989 ], [ 110.385406706999802, -7.751331223999883 ], [ 110.385482173999776, -7.751339165999898 ], [ 110.386349413999781, -7.751739883999894 ], [ 110.38621637799983, -7.752039676999887 ], [ 110.385774405999783, -7.751950105999911 ], [ 110.385543735999775, -7.752543285999856 ], [ 110.38595330399977, -7.752652427999913 ], [ 110.385856355999763, -7.753286573999883 ], [ 110.385733396999797, -7.75419738399987 ], [ 110.385920675999799, -7.754550980999898 ], [ 110.386187785999766, -7.755038786999852 ], [ 110.386003970999766, -7.755648151999872 ], [ 110.38628878399976, -7.755701242999905 ], [ 110.386391700999766, -7.755693586999864 ], [ 110.386502653999813, -7.755704389999867 ], [ 110.386577358999801, -7.755693854999875 ], [ 110.386694772999775, -7.755664225999902 ], [ 110.386767386999793, -7.755623888999868 ], [ 110.38687204199978, -7.755562313999905 ], [ 110.387000035999804, -7.755594424999896 ], [ 110.387488613999793, -7.755669624999863 ], [ 110.387819258999812, -7.755757368999897 ], [ 110.388269415999787, -7.755838897999915 ], [ 110.388461402999795, -7.755890256999899 ], [ 110.388807601999758, -7.756043294999841 ], [ 110.38867689599978, -7.756411332999886 ], [ 110.388629627999791, -7.756632627999901 ], [ 110.388603564999769, -7.756947603999874 ], [ 110.388545086999798, -7.757543492999893 ], [ 110.388538572999792, -7.757620108999872 ], [ 110.388539477999771, -7.757848036999901 ], [ 110.388522395999772, -7.75804350299988 ], [ 110.388512110999798, -7.758211786999849 ], [ 110.38852238699981, -7.758484246999889 ], [ 110.388426243999788, -7.758702447999867 ], [ 110.388370400999833, -7.758809684999878 ], [ 110.388310504999765, -7.758909637999904 ], [ 110.388269072999776, -7.758959153999893 ], [ 110.38821863699981, -7.75898187299985 ], [ 110.388064677999751, -7.759196627999843 ], [ 110.387664082999777, -7.759089541999889 ], [ 110.38756307199975, -7.75927253199989 ], [ 110.38736805699979, -7.759838424999863 ], [ 110.386881721999785, -7.759684473999864 ], [ 110.386727195999768, -7.760299914999882 ], [ 110.387147395999762, -7.760429822999905 ], [ 110.387132614999757, -7.760655495999898 ], [ 110.387037126999786, -7.760853641999893 ], [ 110.387053688999799, -7.761018436999881 ], [ 110.38702474799976, -7.761125657999886 ], [ 110.387131396999791, -7.761161995999855 ], [ 110.387050519999789, -7.761441247999848 ], [ 110.387703157999809, -7.761701860999871 ], [ 110.38791905799981, -7.761820302999896 ], [ 110.388197283999787, -7.761943023999866 ], [ 110.388976355999773, -7.762332945999894 ], [ 110.389579178999796, -7.762609094999888 ], [ 110.389770919999776, -7.761934846999882 ], [ 110.390759480999833, -7.762327370999889 ], [ 110.39156248899981, -7.762646195999851 ], [ 110.391647653999783, -7.762411652999873 ], [ 110.391834787999784, -7.761841547999873 ], [ 110.39206680999979, -7.761878595999899 ], [ 110.39225239599979, -7.761931540999889 ], [ 110.392292613999771, -7.761789522999882 ], [ 110.39231993999978, -7.761708147999889 ], [ 110.392422455999807, -7.761650824999876 ], [ 110.392520109999793, -7.761635001999851 ], [ 110.392576193999801, -7.761601853999859 ], [ 110.392822380999817, -7.761422584999847 ], [ 110.392984053999783, -7.761284065999909 ], [ 110.393191967999769, -7.761144282999894 ], [ 110.393326500999777, -7.76108274799989 ], [ 110.393384078999759, -7.761116154999896 ], [ 110.393395667999769, -7.761156620999866 ], [ 110.393375927999799, -7.761254337999882 ], [ 110.393361174999797, -7.761457763999875 ], [ 110.393370589999805, -7.761588678999855 ], [ 110.393411737999784, -7.761687663999891 ], [ 110.393576179999783, -7.761916147999864 ], [ 110.393637035999816, -7.762034924999891 ], [ 110.393673475999805, -7.762156709999865 ], [ 110.39371602999978, -7.762270895999885 ], [ 110.393772317999776, -7.762383579999868 ], [ 110.393871266999781, -7.762535886999882 ], [ 110.393941166999753, -7.762642037999887 ], [ 110.393995423999812, -7.762663798999854 ], [ 110.394075510999755, -7.762669618999874 ], [ 110.394154413999786, -7.762703968999901 ], [ 110.394190496999798, -7.762780356999873 ], [ 110.394177249999743, -7.762850128999883 ], [ 110.394127134999806, -7.76294245799987 ], [ 110.394096741999789, -7.763025719999904 ], [ 110.394092382999773, -7.763110249999877 ], [ 110.394076893999809, -7.763232418999899 ], [ 110.394032282999788, -7.763410439999906 ], [ 110.393977359999781, -7.76360946599987 ], [ 110.393906036999809, -7.763823940999877 ], [ 110.393794275999781, -7.764094638999872 ], [ 110.393751233999751, -7.764321304999877 ], [ 110.393728105999813, -7.764490176999885 ], [ 110.3936834229998, -7.76458940199988 ], [ 110.393578092999803, -7.764767878999896 ], [ 110.393379045999779, -7.764937951999899 ], [ 110.393196958999795, -7.764996338999857 ], [ 110.393037271999788, -7.765054757999876 ], [ 110.392923197999778, -7.765140173999862 ], [ 110.392838950999774, -7.765256376999888 ], [ 110.392779113999794, -7.765372614999868 ], [ 110.392759454999805, -7.7654816499999 ], [ 110.392762010999789, -7.765652008999887 ], [ 110.392778625999767, -7.765780497999879 ], [ 110.392848486999753, -7.765878343999852 ], [ 110.392991084999792, -7.766020975999862 ], [ 110.393122514999817, -7.766141251999874 ], [ 110.393184602999781, -7.766314596999876 ], [ 110.393227533999777, -7.76663927999987 ], [ 110.393308750999807, -7.766744897999877 ], [ 110.393395481999818, -7.766788304999906 ], [ 110.393460482999799, -7.766853321999907 ], [ 110.393465758999767, -7.766951632999874 ], [ 110.393423545999781, -7.767099586999895 ], [ 110.393350507999799, -7.767264253999866 ], [ 110.393322307999767, -7.767403849999868 ], [ 110.393392909999761, -7.767740224999893 ], [ 110.393354743999794, -7.767875428999878 ], [ 110.393221550999812, -7.768078127999889 ], [ 110.393083018999803, -7.768221303999873 ], [ 110.392985197999806, -7.768345602999887 ], [ 110.392971491999802, -7.768445675999877 ], [ 110.393052755999804, -7.768676632999853 ], [ 110.393182694999794, -7.768851303999884 ], [ 110.393294366999797, -7.76899754299988 ], [ 110.393375453999795, -7.769194459999871 ], [ 110.393399593999789, -7.76938318099989 ], [ 110.393393271999798, -7.769535338999872 ], [ 110.393344258999775, -7.769669175999896 ], [ 110.393311548999804, -7.769782745999908 ], [ 110.393360197999769, -7.769902519999876 ], [ 110.393589509999813, -7.770290364999854 ], [ 110.393749918999802, -7.770495510999901 ], [ 110.393784294999776, -7.770639610999902 ], [ 110.39391413899979, -7.770881233999877 ], [ 110.394081364999749, -7.771153549999879 ], [ 110.394165800999772, -7.771287369999853 ], [ 110.394224557999792, -7.771451793999898 ], [ 110.394333944999801, -7.771774542999859 ], [ 110.394419157999806, -7.771930888999889 ], [ 110.394565352999805, -7.772119783999845 ], [ 110.394807083999765, -7.772359535999871 ], [ 110.394900396999788, -7.772542269999898 ], [ 110.395003985999807, -7.772651976999881 ], [ 110.395093431999797, -7.772694709999864 ], [ 110.395207275999809, -7.772745594999878 ], [ 110.395329329999754, -7.772745768999856 ], [ 110.395502324999782, -7.772687176999881 ], [ 110.39562438999981, -7.772679235999864 ], [ 110.395681325999774, -7.772695546999874 ], [ 110.395744305999756, -7.772752445999898 ], [ 110.395799033999779, -7.772890487999888 ], [ 110.395822515999811, -7.773018039999877 ], [ 110.395819073999817, -7.773101520999868 ], [ 110.395770086999804, -7.77321709699985 ], [ 110.395690652999804, -7.773285966999859 ], [ 110.395492007999792, -7.773383462999892 ], [ 110.395383592999792, -7.773439681999867 ], [ 110.395291635999811, -7.773514715999897 ], [ 110.395206661999808, -7.77364848199986 ], [ 110.395190041999825, -7.773742413999901 ], [ 110.395196994999765, -7.773819937999905 ], [ 110.39525336999975, -7.773923368999864 ], [ 110.395375686999799, -7.774026894999881 ], [ 110.395580676999771, -7.774099539999874 ], [ 110.39574861099976, -7.774150047999884 ], [ 110.395986615999803, -7.774153179999863 ], [ 110.396219056999797, -7.774131167999862 ], [ 110.396406639999796, -7.77414819199985 ], [ 110.396552137999791, -7.774223801999861 ], [ 110.396652753999788, -7.774355202999893 ], [ 110.396694595999818, -7.774466971999889 ], [ 110.396752938999796, -7.774788218999895 ], [ 110.396828338999811, -7.774930754999881 ], [ 110.396906661999779, -7.774986720999876 ], [ 110.396980940999768, -7.775024022999885 ], [ 110.39711548799977, -7.775052073999889 ], [ 110.3972728359998, -7.775118146999871 ], [ 110.397432661999815, -7.775227278999902 ], [ 110.397593061999771, -7.775341530999909 ], [ 110.397798807999806, -7.775521599999849 ], [ 110.397957802999784, -7.775654906999861 ], [ 110.397978804999781, -7.775701631999869 ], [ 110.397987997999806, -7.775820717999892 ], [ 110.397996802999771, -7.775955961999871 ], [ 110.398018163999765, -7.776007541999854 ], [ 110.398086130999786, -7.776031772999865 ], [ 110.398176426999783, -7.776030209999861 ], [ 110.398483483999769, -7.776048424999866 ], [ 110.398451186999765, -7.775621753999851 ], [ 110.398439454999817, -7.775288999999844 ], [ 110.398455992999814, -7.775104393999857 ], [ 110.398512123999765, -7.774910249999874 ], [ 110.398627043999795, -7.7748294229999 ], [ 110.398808582999791, -7.774796502999874 ], [ 110.398849495999784, -7.774636278999858 ], [ 110.39890893399982, -7.77432391399989 ], [ 110.39892551999975, -7.774104816999894 ], [ 110.398954284999803, -7.773922772999912 ], [ 110.398985993999773, -7.773776722999898 ], [ 110.399023821999791, -7.773642369999879 ], [ 110.399093256999805, -7.773451752999899 ], [ 110.399136243999777, -7.773353889999881 ], [ 110.399626410999758, -7.773471952999881 ], [ 110.400106774999756, -7.773586741999885 ], [ 110.401092361999773, -7.7738461519999 ], [ 110.401974914999784, -7.774066515999871 ], [ 110.402088983999775, -7.773959145999895 ], [ 110.402160569999765, -7.773685345999909 ], [ 110.402293846999783, -7.773459413999865 ], [ 110.40239192099979, -7.773341928999885 ], [ 110.402460135999775, -7.773271945999875 ], [ 110.402815600999759, -7.773363899999859 ], [ 110.40298443099978, -7.772860491999873 ], [ 110.402997385999768, -7.772842729999909 ], [ 110.403380243999791, -7.77286536099987 ], [ 110.404328186999763, -7.773100898999856 ], [ 110.404401085999794, -7.772824384999895 ], [ 110.404515168999751, -7.7721981369999 ], [ 110.404492971999801, -7.772070285999894 ], [ 110.404460834999782, -7.771891373999873 ], [ 110.404450627999793, -7.77180444199988 ], [ 110.404456867999784, -7.771707063999862 ], [ 110.404503937999777, -7.771506269999899 ], [ 110.404458493999755, -7.771232792999881 ], [ 110.404488287999769, -7.771063949999861 ], [ 110.404551643999781, -7.770855062999853 ], [ 110.404629440999784, -7.770502144999888 ], [ 110.404635814999793, -7.770309409999904 ], [ 110.405244032999818, -7.770322434999891 ], [ 110.405454063999798, -7.768517014999861 ], [ 110.405591908999796, -7.76741349199987 ], [ 110.405694817999816, -7.766561501999877 ], [ 110.4058082439998, -7.765462000999863 ], [ 110.405890581999756, -7.764772292999893 ], [ 110.405921356999784, -7.764585677999855 ], [ 110.405945951999811, -7.76445383499986 ], [ 110.406148534999787, -7.76360198299987 ], [ 110.406215984999804, -7.76337281199987 ], [ 110.406264139999806, -7.763289332999863 ], [ 110.406871051999758, -7.763406125999866 ], [ 110.407687223999801, -7.763562811999907 ], [ 110.40835424799981, -7.763701705999867 ], [ 110.409979372999771, -7.76399229699989 ], [ 110.410886209999788, -7.764147518999875 ], [ 110.411362114999818, -7.764219188999884 ], [ 110.411440473999804, -7.764046934999874 ], [ 110.411501641999791, -7.763860970999859 ], [ 110.411618267999771, -7.763497264999885 ], [ 110.411734760999764, -7.763128385999879 ], [ 110.411887275999788, -7.763165116999876 ], [ 110.412556359999783, -7.763285746999847 ], [ 110.412822822999772, -7.76329828799985 ], [ 110.412877768999763, -7.763282132999898 ], [ 110.413307778999766, -7.763346621999884 ], [ 110.413422841999775, -7.763349838999859 ], [ 110.414087368999802, -7.763823486999903 ], [ 110.414583055999799, -7.763918726999911 ], [ 110.414697514999773, -7.763907511999869 ], [ 110.414733866999768, -7.76409827799987 ], [ 110.415366399999769, -7.76417421699987 ], [ 110.415711612999786, -7.76421920799985 ], [ 110.415809474999776, -7.763922246999837 ], [ 110.416037996999762, -7.763544774999887 ], [ 110.416058260999776, -7.763517293999865 ], [ 110.416222178999774, -7.763319455999898 ], [ 110.41622959199978, -7.763277285999868 ], [ 110.416224121999818, -7.763244267999855 ], [ 110.416179363999802, -7.763189740999885 ], [ 110.4166126209998, -7.762823246999878 ], [ 110.416625635999779, -7.762755162999871 ], [ 110.416607336999817, -7.762648163999864 ], [ 110.416548526999819, -7.762516204999853 ], [ 110.416455227999791, -7.762317244999895 ], [ 110.41633340999978, -7.76214867899987 ], [ 110.416233914999808, -7.762016664999911 ], [ 110.416189297999807, -7.761919215999887 ], [ 110.416162760999796, -7.761802011999892 ], [ 110.416175385999821, -7.761497693999879 ], [ 110.416182667999763, -7.761133855999897 ], [ 110.416308094999749, -7.761144848999862 ], [ 110.416438158999767, -7.761166529999897 ], [ 110.416602254999759, -7.761222411999863 ], [ 110.416623701999754, -7.761385848999899 ], [ 110.416630589999784, -7.761610820999889 ], [ 110.416707210999817, -7.761728192999873 ], [ 110.416848561999771, -7.761886338999854 ], [ 110.416922697999809, -7.762065931999856 ], [ 110.4170779869998, -7.762556752999875 ], [ 110.417033063999796, -7.762699100999878 ], [ 110.417006476999816, -7.762909415999882 ], [ 110.416911393999797, -7.763129779999854 ], [ 110.416898375999779, -7.763191630999868 ], [ 110.41683655999978, -7.763278593999854 ], [ 110.416776150999809, -7.763334172999901 ], [ 110.416652163999814, -7.763471382999884 ], [ 110.416531979999803, -7.763624383999896 ], [ 110.416260366999794, -7.763966240999865 ], [ 110.4160917009998, -7.764181490999859 ], [ 110.41598983999981, -7.764285108999886 ], [ 110.416022795999766, -7.764362464999897 ], [ 110.416030766999782, -7.764447232999851 ], [ 110.41591743899977, -7.764774188999892 ], [ 110.415807143999771, -7.765152639999862 ], [ 110.415755810999769, -7.765339577999876 ], [ 110.415673041999781, -7.765504116999906 ], [ 110.415478821999784, -7.765750829999869 ], [ 110.415360176999812, -7.765902088999869 ], [ 110.415290312999787, -7.766032011999845 ], [ 110.415234177999764, -7.766154891999889 ], [ 110.4152124069998, -7.766281701999888 ], [ 110.415242084999775, -7.766564474999866 ], [ 110.415229652999756, -7.76667201799987 ], [ 110.41520401299978, -7.766774988999867 ], [ 110.41516331299978, -7.766930766999878 ], [ 110.4151267069998, -7.767112649999869 ], [ 110.415119958999753, -7.767256989999888 ], [ 110.415140708999786, -7.767465062999903 ], [ 110.415194473999819, -7.767666283999898 ], [ 110.415287966999756, -7.767925833999856 ], [ 110.415380073999771, -7.768230889999848 ], [ 110.415442224999779, -7.768403123999897 ], [ 110.415584703999812, -7.768581482999855 ], [ 110.41569441199978, -7.768750123999883 ], [ 110.415881822999779, -7.768961662999899 ], [ 110.415980058999764, -7.769011046999855 ], [ 110.416173236999796, -7.769008892999904 ], [ 110.416381926999819, -7.769027450999866 ], [ 110.41683992599981, -7.769095233999886 ], [ 110.417205174999779, -7.76910495899987 ], [ 110.41770398899979, -7.769106721999876 ], [ 110.417895379999791, -7.769135590999877 ], [ 110.418008587999807, -7.769207654999857 ], [ 110.418164360999768, -7.769349067999869 ], [ 110.418364082999801, -7.769540074999889 ], [ 110.418475749999814, -7.76974676799987 ], [ 110.418559279999798, -7.769937371999887 ], [ 110.418628801999787, -7.770122710999869 ], [ 110.418671175999819, -7.77027033799986 ], [ 110.418681223999783, -7.770389147999873 ], [ 110.41866895399977, -7.770587767999848 ], [ 110.418620791999814, -7.77071214899988 ], [ 110.418523223999784, -7.770810657999889 ], [ 110.418286892999788, -7.770928661999882 ], [ 110.418107313999769, -7.771013346999879 ], [ 110.418029439999771, -7.771093473999856 ], [ 110.417978321999783, -7.77121642799986 ], [ 110.417983485999812, -7.771360854999867 ], [ 110.418073017999816, -7.771620547999852 ], [ 110.418217822999793, -7.771841007999886 ], [ 110.418412433999791, -7.77209555299984 ], [ 110.418511236999819, -7.772224323999898 ], [ 110.418590736999789, -7.77241433199984 ], [ 110.418630743999756, -7.772565519999865 ], [ 110.418642605999793, -7.772664256999898 ], [ 110.4186334179998, -7.772801853999881 ], [ 110.418651154999807, -7.772990343999856 ], [ 110.418671804999818, -7.773241659999859 ], [ 110.418695524999833, -7.773442123999858 ], [ 110.418764189999777, -7.773675555999858 ], [ 110.418943681999792, -7.774019825999899 ], [ 110.419015346999814, -7.774253261999871 ], [ 110.419041349999773, -7.774974253999908 ], [ 110.419128415999765, -7.775096935999888 ], [ 110.419221444999806, -7.77516871599986 ], [ 110.419535158999807, -7.775360217999863 ], [ 110.419880733999776, -7.775602186999865 ], [ 110.420082630999786, -7.775838650999878 ], [ 110.420112878999788, -7.775957204999865 ], [ 110.420045565999786, -7.776231336999888 ], [ 110.419945486999808, -7.776510729999857 ], [ 110.41984618399978, -7.776871831999844 ], [ 110.419743509999776, -7.777295147999872 ], [ 110.419694600999804, -7.77747224599987 ], [ 110.41966427299981, -7.777722507999882 ], [ 110.419639861999784, -7.777901885999861 ], [ 110.419607371999831, -7.778246705999875 ], [ 110.419739112999778, -7.778679030999894 ], [ 110.419779324999752, -7.77892815499989 ], [ 110.419742521999751, -7.779304899999858 ], [ 110.419664695999757, -7.780022197999855 ], [ 110.41967284999977, -7.780301079999877 ], [ 110.419670638999776, -7.780570355999862 ], [ 110.41970215799978, -7.780912907999874 ], [ 110.419699563999785, -7.781052580999841 ], [ 110.419664371999801, -7.781292375999875 ], [ 110.419641327999784, -7.781493870999881 ], [ 110.419607027999803, -7.7816016829999 ], [ 110.419525969999768, -7.781771876999852 ], [ 110.419367293999784, -7.782092396999857 ], [ 110.419310136999826, -7.78226545999989 ], [ 110.419275140999815, -7.782577999999878 ], [ 110.419262944999801, -7.782721575999889 ], [ 110.419220986999804, -7.782938035999894 ], [ 110.419126530999804, -7.783329604999865 ], [ 110.418973209999777, -7.78332943399986 ], [ 110.418138291999753, -7.783328705999891 ], [ 110.416751186999761, -7.783320651999854 ], [ 110.416348590999803, -7.783321753999846 ], [ 110.416352061999774, -7.783192201999884 ], [ 110.41286550299975, -7.783161662999853 ], [ 110.412838709999804, -7.783306425999885 ], [ 110.412889443999816, -7.785429761999902 ], [ 110.41285145899981, -7.786952327999855 ], [ 110.410867152999799, -7.787132100999849 ], [ 110.410832613999787, -7.787761660999852 ], [ 110.410926505999797, -7.788939027999886 ], [ 110.411042629999798, -7.789725273999906 ], [ 110.411285256999818, -7.78977040199985 ], [ 110.41130300999977, -7.790097882999863 ], [ 110.411300003999784, -7.790249999999871 ], [ 110.410087518999788, -7.790225754999863 ], [ 110.410110019999763, -7.788576021999896 ], [ 110.410140759999777, -7.787259943999898 ], [ 110.409552571999768, -7.787309546999869 ], [ 110.409530252999787, -7.78709815399989 ], [ 110.409473206999806, -7.786841054999899 ], [ 110.40938811999979, -7.786621011999886 ], [ 110.409278041999755, -7.786461235999899 ], [ 110.409199847999801, -7.786400824999854 ], [ 110.40911445299983, -7.786400705999855 ], [ 110.408968260999771, -7.786620426999882 ], [ 110.408854202999748, -7.786762153999911 ], [ 110.408711674999807, -7.786907389999868 ], [ 110.40865814799983, -7.787017276999887 ], [ 110.408718471999805, -7.787134417999862 ], [ 110.408800174999811, -7.787230305999892 ], [ 110.408826606999753, -7.787386670999901 ], [ 110.408274089999793, -7.787442097999844 ], [ 110.408245360999814, -7.787829821999866 ], [ 110.408216003999783, -7.788121700999883 ], [ 110.408277029999809, -7.78831242999988 ], [ 110.408289099999777, -7.788446875999878 ], [ 110.408311621999758, -7.788938569999892 ], [ 110.408024706999768, -7.788913676999857 ], [ 110.407966919999765, -7.788806634999868 ], [ 110.407843622999792, -7.78877811499988 ], [ 110.407715262999773, -7.788758935999891 ], [ 110.407875363999793, -7.788532086999896 ], [ 110.407943584999785, -7.788369502999878 ], [ 110.407892822999798, -7.788203362999906 ], [ 110.407940621999813, -7.788057695999878 ], [ 110.407998650999787, -7.787853488999853 ], [ 110.407973144999815, -7.787734007999908 ], [ 110.407960474999769, -7.787614544999873 ], [ 110.407951975999779, -7.7875718749999 ], [ 110.407609645999813, -7.787575661999861 ], [ 110.407545183999801, -7.787771802999877 ], [ 110.407386756999756, -7.787844101999874 ], [ 110.407165212999772, -7.787801006999855 ], [ 110.406890821999767, -7.78759121699987 ], [ 110.406707697999764, -7.787590960999901 ], [ 110.406691188999787, -7.787348689999865 ], [ 110.406500669999801, -7.787141290999871 ], [ 110.406581585999803, -7.78689199999989 ], [ 110.407112969999801, -7.785441380999873 ], [ 110.406899605999797, -7.785362676999884 ], [ 110.407069676999754, -7.785124321999865 ], [ 110.406218304999769, -7.784859615999877 ], [ 110.406122417999796, -7.785147618999843 ], [ 110.406119810999783, -7.785165624999865 ], [ 110.406276838999759, -7.785182558999882 ], [ 110.405937237999765, -7.786166772999856 ], [ 110.405861641999763, -7.786087549999861 ], [ 110.405591947999795, -7.786020086999879 ], [ 110.405554011999769, -7.786134266999873 ], [ 110.405513207999789, -7.786256248999891 ], [ 110.405666003999798, -7.786345096999894 ], [ 110.405845099999823, -7.786379198999864 ], [ 110.405518255999766, -7.787355606999856 ], [ 110.403755023999807, -7.787027512999866 ], [ 110.403847806999764, -7.786560106999882 ], [ 110.402890252999782, -7.78642859199986 ], [ 110.402882333999798, -7.786536948999909 ], [ 110.402868612999782, -7.786631751999867 ], [ 110.402868546999812, -7.786678194999912 ], [ 110.402808335999808, -7.786703266999873 ], [ 110.402794704999792, -7.786734209999877 ], [ 110.402694366999768, -7.787313375999855 ], [ 110.402261285999771, -7.787191406999882 ], [ 110.40182567499977, -7.787072309999846 ], [ 110.40175813299976, -7.787071306999882 ], [ 110.401642862999779, -7.787823728999881 ], [ 110.401564872999757, -7.788196858999903 ], [ 110.401543069999789, -7.788398463999881 ], [ 110.401538692999821, -7.788449938999904 ], [ 110.401616135999831, -7.788462918999853 ], [ 110.401705854999761, -7.788922086999864 ], [ 110.401524200999816, -7.789350322999876 ], [ 110.401478395999789, -7.789486669999901 ], [ 110.401428601999811, -7.789755635999859 ], [ 110.401433817999774, -7.789969883999894 ], [ 110.401490524999772, -7.790227670999898 ], [ 110.401490315999752, -7.790374930999907 ], [ 110.401277084999776, -7.790929762999867 ], [ 110.401264049999781, -7.791182500999902 ], [ 110.401267986999784, -7.791384712999883 ], [ 110.401250917999789, -7.791502641999875 ], [ 110.401216890999763, -7.791658460999871 ], [ 110.400739604999799, -7.79150613199986 ], [ 110.400701693999792, -7.791421825999894 ], [ 110.40066370999979, -7.791388070999902 ], [ 110.400137913999799, -7.791352859999889 ], [ 110.399937117999812, -7.791214820999848 ], [ 110.399967237999761, -7.790647145999893 ], [ 110.399364470999785, -7.790500187999863 ], [ 110.399411131999798, -7.790078639999858 ], [ 110.399745839999767, -7.79021930699989 ], [ 110.399617723999782, -7.790060310999857 ], [ 110.399536886999798, -7.789998883999875 ], [ 110.399475047999772, -7.789756857999916 ], [ 110.399493025999803, -7.789681166999901 ], [ 110.399785224999803, -7.789672686999874 ], [ 110.399807574999798, -7.78964158799987 ], [ 110.399827746999804, -7.78957268699991 ], [ 110.400441109999804, -7.789578001999851 ], [ 110.400281444999806, -7.789243157999906 ], [ 110.400272884999765, -7.789196466999869 ], [ 110.400633005999794, -7.789196097999856 ], [ 110.400518337999756, -7.788841307999899 ], [ 110.400572331999825, -7.788518636999909 ], [ 110.39987356499978, -7.788375818999875 ], [ 110.399564316999772, -7.788353797999876 ], [ 110.399589836999795, -7.787646981999879 ], [ 110.399042751999815, -7.787642352999881 ], [ 110.398983815999784, -7.787641091999875 ], [ 110.398996508999801, -7.787402685999878 ], [ 110.399009230999752, -7.787163753999859 ], [ 110.39902543699975, -7.786859406999868 ], [ 110.399043560999786, -7.78651900999987 ], [ 110.399060959999758, -7.786192214999888 ], [ 110.39906738099981, -7.78607162699988 ], [ 110.399093954999785, -7.786071796999897 ], [ 110.399603139999783, -7.786107886999886 ], [ 110.399612141999796, -7.786026634999853 ], [ 110.399649995999766, -7.785530000999854 ], [ 110.398541625999769, -7.785482997999901 ], [ 110.39846712999983, -7.786390438999853 ], [ 110.397580839999776, -7.786261279999876 ], [ 110.397018653999808, -7.786220483999891 ], [ 110.396962688999793, -7.78621449399991 ], [ 110.396963563999819, -7.786220529999902 ], [ 110.397019736999766, -7.786608294999868 ], [ 110.396952444999798, -7.787106101999862 ], [ 110.396885317999789, -7.78751737799989 ], [ 110.396875927999773, -7.787574903999861 ], [ 110.396892367999797, -7.78773335299989 ], [ 110.397016751999786, -7.787801646999915 ], [ 110.397103474999767, -7.788044136999842 ], [ 110.397180163999806, -7.788406637999899 ], [ 110.39718814899976, -7.788476840999891 ], [ 110.397188365999796, -7.788478755999893 ], [ 110.397126885999796, -7.788483850999885 ], [ 110.397038431999761, -7.788491541999911 ], [ 110.396956340999807, -7.788496300999879 ], [ 110.396867110999793, -7.788503439999856 ], [ 110.396325783999785, -7.788551028999885 ], [ 110.394835645999763, -7.788675949999887 ], [ 110.394832671999779, -7.78854805399986 ], [ 110.394984362999779, -7.788036469999876 ], [ 110.395085489999772, -7.787649807999894 ], [ 110.395103335999764, -7.787501091999888 ], [ 110.394966516999787, -7.787441604999905 ], [ 110.393604274999817, -7.786811047999873 ], [ 110.392839872999787, -7.786448179999899 ], [ 110.392694130999772, -7.786034748999874 ], [ 110.392312655999788, -7.784907781999882 ], [ 110.391965420999782, -7.784036000999865 ], [ 110.391122695999812, -7.781590906999887 ], [ 110.39086392899975, -7.780761069999859 ], [ 110.390750904999791, -7.780389278999899 ], [ 110.39050403599974, -7.780377381999859 ], [ 110.389885375999782, -7.780347638999888 ], [ 110.3890495899998, -7.780314920999893 ], [ 110.388591543999794, -7.780297074999897 ], [ 110.388094830999776, -7.780249485999883 ], [ 110.387395864999817, -7.780249485999867 ], [ 110.386988381999814, -7.780252459999857 ], [ 110.385870034999769, -7.780243536999848 ], [ 110.38537629699978, -7.780264356999896 ], [ 110.38485281599975, -7.780288151999886 ], [ 110.384359077999775, -7.780317894999867 ], [ 110.383695802999796, -7.780294100999907 ], [ 110.38323775699979, -7.780264356999873 ], [ 110.382628019999814, -7.780240562999872 ], [ 110.382348432999805, -7.78019892199989 ], [ 110.381935001999764, -7.780169178999855 ], [ 110.381836848999797, -7.780413073999884 ], [ 110.381331213999786, -7.780347638999872 ], [ 110.380727424999833, -7.780249485999877 ], [ 110.380501376999817, -7.780121589999901 ], [ 110.380138508999778, -7.779928258999897 ], [ 110.380102816999809, -7.779871745999904 ], [ 110.379930305999792, -7.779428571999892 ], [ 110.379748871999794, -7.779047857999883 ], [ 110.379612052999803, -7.778334019999866 ], [ 110.379537694999783, -7.778128790999896 ], [ 110.379311645999806, -7.778081201999886 ], [ 110.378948777999781, -7.777994946999898 ], [ 110.378841701999775, -7.77790869099986 ], [ 110.378615653999759, -7.777730231999871 ], [ 110.377979147999795, -7.777257313999855 ], [ 110.377458640999762, -7.7768438819999 ], [ 110.377226642999801, -7.776701114999897 ], [ 110.376331370999765, -7.776608910999848 ], [ 110.375679993999782, -7.776513731999881 ], [ 110.375578866999774, -7.776281734999863 ], [ 110.375543174999805, -7.776177632999897 ], [ 110.375501285999803, -7.775663148999904 ], [ 110.375460834999785, -7.775284814999881 ], [ 110.375445368999763, -7.775059955999869 ], [ 110.375420384999771, -7.774689949999916 ], [ 110.375396589999767, -7.774691138999885 ], [ 110.374993270999781, -7.774894582999866 ], [ 110.374920697999769, -7.774912428999855 ], [ 110.374650628999802, -7.775001658999861 ], [ 110.373993897999753, -7.7752015339999 ], [ 110.373396652999773, -7.775378803999884 ], [ 110.372900534999772, -7.775528709999874 ], [ 110.372660209999779, -7.775603662999877 ], [ 110.37257530699975, -7.775603580999864 ], [ 110.372448437999779, -7.775566780999864 ], [ 110.372259270999805, -7.775540606999862 ], [ 110.371750065999777, -7.775469222999893 ], [ 110.371231342999764, -7.77541211599986 ], [ 110.370956515999765, -7.775369285999873 ], [ 110.370737604999761, -7.775357387999895 ], [ 110.370387824999796, -7.775359767999854 ], [ 110.37013679099978, -7.775376423999869 ], [ 110.370065407999789, -7.775372854999858 ], [ 110.370057078999793, -7.775365716999874 ], [ 110.370058268999813, -7.775237225999851 ], [ 110.370047561999812, -7.775158702999852 ], [ 110.370005920999816, -7.775063524999879 ], [ 110.369891706999809, -7.774925515999858 ], [ 110.369813184999785, -7.774879116999881 ], [ 110.36957047999978, -7.774736348999898 ], [ 110.369519320999771, -7.774703036999874 ], [ 110.369468162999809, -7.7746316529999 ], [ 110.369356327999768, -7.77447222899989 ], [ 110.369339671999811, -7.774428208999873 ], [ 110.369315876999792, -7.774284250999857 ], [ 110.369320519999818, -7.774214614999882 ], [ 110.369409865999799, -7.774164710999902 ], [ 110.369653546999771, -7.7740895669999 ], [ 110.369887373999816, -7.774001279999864 ], [ 110.369912555999818, -7.773977896999866 ], [ 110.369996824999774, -7.773996037999872 ], [ 110.370043161999774, -7.773839929999879 ], [ 110.370277210999816, -7.773723216999873 ], [ 110.370316714999774, -7.773693963999894 ], [ 110.370641564999829, -7.77359381599987 ], [ 110.370884524999795, -7.773560399999865 ], [ 110.371175874999778, -7.773523899999848 ], [ 110.37135610399983, -7.773509393999904 ], [ 110.371513058999781, -7.773510943999883 ], [ 110.371593147999775, -7.773470350999876 ], [ 110.371617936999797, -7.773401448999866 ], [ 110.371665184999756, -7.773170080999863 ], [ 110.371800934999811, -7.773185054999868 ], [ 110.372109844999798, -7.773233504999866 ], [ 110.373105609999755, -7.773042809999864 ], [ 110.375763391999783, -7.772511240999878 ], [ 110.377025948999801, -7.772744929999846 ], [ 110.377236981999772, -7.771929666999861 ], [ 110.377671419999814, -7.770277614999869 ], [ 110.377740011999805, -7.769797604999884 ], [ 110.377781979999796, -7.769434908999842 ], [ 110.377177362999774, -7.769343272999887 ], [ 110.376574343999792, -7.76929731999989 ], [ 110.376745441999816, -7.768358892999889 ], [ 110.375653777999815, -7.768168019999883 ], [ 110.375296711999809, -7.768047391999893 ], [ 110.37463548699975, -7.767900303999894 ], [ 110.374831053999827, -7.767023679999899 ], [ 110.374859382999787, -7.766734210999881 ], [ 110.375010754999778, -7.76661748399986 ], [ 110.376343369999816, -7.766896428999838 ], [ 110.377025001999769, -7.767106706999859 ], [ 110.377222454999767, -7.765996882999869 ], [ 110.377354542999797, -7.765439112999877 ], [ 110.378039322999797, -7.765606306999871 ], [ 110.378125008999817, -7.764957964999875 ], [ 110.378242660999788, -7.764164299999869 ], [ 110.378340787999775, -7.763532566999893 ], [ 110.378401555999801, -7.763520537999878 ], [ 110.378538667999749, -7.763525930999869 ], [ 110.378863164999771, -7.763580071999905 ], [ 110.379155160999801, -7.763642097999855 ], [ 110.379354203999767, -7.763691583999885 ], [ 110.379507103999813, -7.763736456999863 ], [ 110.379846440999771, -7.763802054999847 ], [ 110.379903552999806, -7.763494454999853 ], [ 110.3799438759998, -7.763270619999879 ], [ 110.380004983999768, -7.763026613999877 ], [ 110.380114385999789, -7.762456800999845 ], [ 110.379559133999763, -7.762340579999871 ], [ 110.37920435999979, -7.762286203999889 ], [ 110.378832467999757, -7.762230920999895 ], [ 110.378541089999771, -7.762183673999889 ], [ 110.378207359999763, -7.762136161999856 ], [ 110.378013157999774, -7.762102577999851 ], [ 110.378022298999809, -7.76207837299988 ], [ 110.378229597999805, -7.761549225999877 ], [ 110.378331847999803, -7.761260846999879 ], [ 110.378394549999783, -7.76111321199987 ], [ 110.378505782999781, -7.761011811999847 ], [ 110.378600832999808, -7.760898847999876 ], [ 110.37876306499976, -7.760739817999856 ], [ 110.378862143999768, -7.76062348599986 ], [ 110.37895044399977, -7.760432896999854 ], [ 110.379046224999811, -7.760179331999876 ], [ 110.379097504999777, -7.759930118999856 ], [ 110.37915800199977, -7.759637028999888 ], [ 110.3792047419998, -7.759397074999911 ], [ 110.379230472999808, -7.759210146999891 ], [ 110.379274838999805, -7.758940148999871 ], [ 110.379305156999749, -7.758780924999868 ], [ 110.379337756999803, -7.758644786999914 ], [ 110.37945617899976, -7.758374897999863 ], [ 110.379484049999803, -7.758305691999882 ], [ 110.379498067999805, -7.758215690999902 ], [ 110.379514419999794, -7.758111844999887 ], [ 110.379239295999753, -7.758014531999875 ], [ 110.379373985999806, -7.757610754999908 ], [ 110.379225962999797, -7.757550524999872 ], [ 110.379221950999764, -7.757424189999867 ], [ 110.378634015999765, -7.757212659999872 ], [ 110.378680604999786, -7.757004988999861 ], [ 110.378743488999788, -7.756732708999862 ], [ 110.378759870999787, -7.756608088999847 ], [ 110.37877003199975, -7.756557595999864 ], [ 110.377873496999783, -7.75630440199989 ], [ 110.377765253999783, -7.756267326999867 ], [ 110.377718337999795, -7.756186868999901 ], [ 110.377698337999803, -7.756133351999866 ], [ 110.377744873999831, -7.755962611999884 ], [ 110.377828585999794, -7.755690362999847 ], [ 110.377898178999786, -7.755577361999858 ], [ 110.377991157999759, -7.755298201999867 ], [ 110.378044546999789, -7.755187485999882 ], [ 110.378097936999808, -7.755076768999882 ], [ 110.378158312999815, -7.754936054999915 ], [ 110.378186762999803, -7.754841587999906 ], [ 110.378220812999757, -7.75470271199984 ], [ 110.378257504999823, -7.754536573999843 ], [ 110.378294580999764, -7.75441373199984 ], [ 110.378339674999779, -7.754354645999889 ], [ 110.378386267999787, -7.754144665999871 ], [ 110.37842583999975, -7.753987764999901 ], [ 110.378471670999772, -7.753800092999864 ], [ 110.378511928999799, -7.753671662999891 ], [ 110.378523703999804, -7.753533186999882 ], [ 110.378552255999764, -7.753509479999848 ], [ 110.378630708999779, -7.753429643999866 ], [ 110.3786929179998, -7.753344158999859 ], [ 110.378681736999809, -7.753078696999909 ], [ 110.378669653999793, -7.752895859999891 ], [ 110.379508120999787, -7.752934483999903 ], [ 110.379771933999791, -7.75293948499988 ], [ 110.38053554299978, -7.752993684999901 ], [ 110.381465707999794, -7.753094291999872 ], [ 110.381764216999784, -7.753110882999907 ], [ 110.382351946999805, -7.753164824999875 ], [ 110.382286620999778, -7.753527121999902 ], [ 110.38267071599978, -7.753571534999857 ], [ 110.383300078999767, -7.753641693999866 ], [ 110.383432820999758, -7.75334511899989 ], [ 110.383510530999786, -7.753129538999859 ], [ 110.383694955999786, -7.752638186999871 ], [ 110.383859519999774, -7.752641896999853 ], [ 110.384007437999799, -7.752671626999844 ], [ 110.384035099999792, -7.75266868499986 ], [ 110.384185916999797, -7.752398840999871 ], [ 110.383695661999766, -7.752153458999861 ], [ 110.383686444999796, -7.752125747999888 ], [ 110.383696449999803, -7.752074046999864 ], [ 110.383737584999793, -7.751962854999854 ], [ 110.383780966999808, -7.751872098999885 ], [ 110.383790118999812, -7.751840326999887 ], [ 110.383790207999766, -7.751779023999892 ], [ 110.38378115199977, -7.751744953999864 ], [ 110.383772690999791, -7.751698849999886 ], [ 110.383788946999815, -7.751659633999895 ], [ 110.383839929999823, -7.751611234999852 ], [ 110.383914088999816, -7.751539785999894 ], [ 110.384002420999778, -7.75142513999991 ], [ 110.384111258999781, -7.751221536999862 ], [ 110.384203812999786, -7.75123090299988 ], [ 110.384375029999788, -7.751254232999877 ], [ 110.384567064999786, -7.751284517999908 ], [ 110.384710665999776, -7.751201628999914 ], [ 110.385226068999771, -7.75165940199989 ] ] ] } },
{ "type": "Feature", "properties": { "kapanewon": "Depok", "kalurahan": "Maguwoharjo", "luas_ha": 1315.9884569000001 }, "geometry": { "type": "Polygon", "coordinates": [ [ [ 110.437515055999782, -7.741177103999902 ], [ 110.437508475999792, -7.741241101999871 ], [ 110.437667403999811, -7.7415780949999 ], [ 110.438272099999793, -7.741623422999891 ], [ 110.438312219999787, -7.741627602999849 ], [ 110.438532043999786, -7.741596574999885 ], [ 110.438506078999765, -7.741680408999895 ], [ 110.438446309999804, -7.741862506999873 ], [ 110.438278437999784, -7.741958225999877 ], [ 110.438165916999793, -7.742117185999903 ], [ 110.438135781999804, -7.742397833999894 ], [ 110.438111290999771, -7.742501709999873 ], [ 110.437864610999782, -7.742840098999896 ], [ 110.437566096999774, -7.743172466999906 ], [ 110.437391428999788, -7.743432786999872 ], [ 110.437342585999787, -7.743537080999874 ], [ 110.437203467999794, -7.743700631999878 ], [ 110.436891023999763, -7.743979106999898 ], [ 110.436802497999821, -7.744079749999892 ], [ 110.436745435999811, -7.744152587999888 ], [ 110.436630752999818, -7.744362008999865 ], [ 110.437285842999756, -7.744603786999876 ], [ 110.438111044999829, -7.744900148999858 ], [ 110.438264922999792, -7.744488316999862 ], [ 110.438554366999753, -7.743869744999855 ], [ 110.438779758999786, -7.743942012999906 ], [ 110.439017777999794, -7.744014297999896 ], [ 110.439158352999755, -7.744054589999897 ], [ 110.439356302999798, -7.744127120999889 ], [ 110.439531670999784, -7.744180507999871 ], [ 110.439659695999751, -7.744220259999889 ], [ 110.439648762999767, -7.744303012999902 ], [ 110.439641475999792, -7.744356980999888 ], [ 110.439719854999808, -7.744406497999861 ], [ 110.439806384999798, -7.744449793999872 ], [ 110.439919972999832, -7.744494475999864 ], [ 110.440067377999767, -7.744543249999853 ], [ 110.440068707999814, -7.744578854999855 ], [ 110.440057813999772, -7.744632818999879 ], [ 110.439994453999773, -7.744801866999909 ], [ 110.439903161999794, -7.744930328999876 ], [ 110.439760584999775, -7.745108521999867 ], [ 110.439849903999828, -7.745208913999859 ], [ 110.439917144999754, -7.745288170999902 ], [ 110.440568838999766, -7.745377790999886 ], [ 110.44105462899978, -7.745426408999863 ], [ 110.44141776399978, -7.74546527099987 ], [ 110.441953239999819, -7.745510892999887 ], [ 110.442337147999766, -7.745595709999896 ], [ 110.442433716999815, -7.745624744999848 ], [ 110.442600321999763, -7.745658688999903 ], [ 110.442921453999759, -7.745728969999878 ], [ 110.443302943999768, -7.745851582999859 ], [ 110.443557754999816, -7.745959872999872 ], [ 110.443662583999767, -7.745987702999899 ], [ 110.443824355999766, -7.746024048999892 ], [ 110.444115585999782, -7.746097345999862 ], [ 110.444476250999813, -7.746186580999883 ], [ 110.444892246999771, -7.746268689999894 ], [ 110.445435787999784, -7.746298185999854 ], [ 110.445608830999788, -7.746399171999859 ], [ 110.445811542999763, -7.746433760999857 ], [ 110.445940688999769, -7.746447583999888 ], [ 110.445971185999795, -7.746250883999858 ], [ 110.446005687999801, -7.74615085799989 ], [ 110.446152956999768, -7.746265337999859 ], [ 110.446271506999778, -7.746341713999846 ], [ 110.446390092999792, -7.746390008999917 ], [ 110.446627345999786, -7.746426421999878 ], [ 110.446786218999776, -7.746424621999867 ], [ 110.446861214999799, -7.746430365999903 ], [ 110.446936210999752, -7.746436109999871 ], [ 110.447038748999788, -7.746454294999904 ], [ 110.447156125999754, -7.746517371999892 ], [ 110.447241712999769, -7.746568891999896 ], [ 110.447387079999785, -7.746756367999903 ], [ 110.447442457999784, -7.746893051999887 ], [ 110.447481242999814, -7.747029284999855 ], [ 110.447479022999815, -7.747189750999883 ], [ 110.447448679999781, -7.747326108999903 ], [ 110.447450546999789, -7.747436432999875 ], [ 110.447562928999801, -7.747617105999877 ], [ 110.447606982999815, -7.747761583999852 ], [ 110.447634919999771, -7.747928104999895 ], [ 110.447638571999789, -7.748212941999888 ], [ 110.447513387999791, -7.748595896999915 ], [ 110.44738028899981, -7.748880553999903 ], [ 110.447303534999776, -7.749137203999894 ], [ 110.447319440999777, -7.74927763399988 ], [ 110.447403743999757, -7.749400100999853 ], [ 110.447546396999797, -7.749500577999901 ], [ 110.447658883999807, -7.7496010169999 ], [ 110.448153047999767, -7.750022884999892 ], [ 110.44831087699977, -7.750194849999883 ], [ 110.447998983999767, -7.750186706999878 ], [ 110.447906671999789, -7.750184296999893 ], [ 110.447674362999777, -7.750163268999854 ], [ 110.447160652999798, -7.750127165999897 ], [ 110.446889825999804, -7.750101746999897 ], [ 110.445906936999805, -7.74995437099987 ], [ 110.445316872999825, -7.74986801999987 ], [ 110.445300151999788, -7.749865422999893 ], [ 110.444170817999805, -7.749690011999887 ], [ 110.443341378999804, -7.74955787999986 ], [ 110.442925143999787, -7.749521229999897 ], [ 110.442594195999803, -7.749519031999888 ], [ 110.442549083999793, -7.749518731999866 ], [ 110.441851326999782, -7.749465665999853 ], [ 110.441710100999799, -7.749810487999908 ], [ 110.441689651999752, -7.750067208999876 ], [ 110.441571869999805, -7.750445472999873 ], [ 110.441563020999766, -7.75050307499985 ], [ 110.441504275999776, -7.751150793999891 ], [ 110.441429319999784, -7.751427890999855 ], [ 110.4413405439998, -7.751786432999877 ], [ 110.441307067999801, -7.751962234999885 ], [ 110.441173918999766, -7.752280990999885 ], [ 110.441181200999779, -7.752513397999892 ], [ 110.441035816999786, -7.752959841999869 ], [ 110.440912048999792, -7.753280615999855 ], [ 110.440833399999818, -7.753485913999859 ], [ 110.440810061999827, -7.753548982999903 ], [ 110.440736653999778, -7.753747358999853 ], [ 110.440675376999764, -7.753817871999881 ], [ 110.440549209999801, -7.753924684999882 ], [ 110.44039069299977, -7.754162503999882 ], [ 110.44036341999977, -7.754510147999875 ], [ 110.440006818999805, -7.754490957999894 ], [ 110.439926209999797, -7.754616551999873 ], [ 110.439516788999768, -7.754630334999859 ], [ 110.439456457999768, -7.754630254999864 ], [ 110.438829505999777, -7.754623130999885 ], [ 110.438784774999775, -7.75462335199987 ], [ 110.438866302999784, -7.755321494999901 ], [ 110.438899932999817, -7.755742767999888 ], [ 110.438956544999755, -7.75588297099986 ], [ 110.439042019999775, -7.756131808999879 ], [ 110.439103461999778, -7.756234135999869 ], [ 110.439137900999754, -7.756303061999901 ], [ 110.439205217999756, -7.75641016799988 ], [ 110.439333709999815, -7.756573478999864 ], [ 110.439445085999779, -7.756638474999867 ], [ 110.439520373999756, -7.756676144999893 ], [ 110.4395533309998, -7.756677754999862 ], [ 110.439586288999763, -7.75667936399991 ], [ 110.439658516999771, -7.756657541999889 ], [ 110.439774703999788, -7.75662638599986 ], [ 110.439906356999771, -7.756586548999889 ], [ 110.440039152999773, -7.756536576999882 ], [ 110.440244392999787, -7.756452601999889 ], [ 110.440230873999795, -7.756382103999876 ], [ 110.440089968999786, -7.756129456999862 ], [ 110.43996945299979, -7.756016970999879 ], [ 110.439869051999779, -7.755902505999839 ], [ 110.439851126999784, -7.755770095999864 ], [ 110.439873551999781, -7.755541458999894 ], [ 110.440014548999784, -7.75537315299986 ], [ 110.440032766999764, -7.75528291399989 ], [ 110.440053071999785, -7.755136513999881 ], [ 110.440266065999793, -7.755133169999887 ], [ 110.440523483999755, -7.755130833999854 ], [ 110.440511452999772, -7.755241420999848 ], [ 110.440489008999819, -7.755312335999905 ], [ 110.440410332999775, -7.755462516999886 ], [ 110.440403997999795, -7.755506340999883 ], [ 110.440428480999799, -7.75563445799989 ], [ 110.440905050999788, -7.755673194999847 ], [ 110.441023080999827, -7.75614472499988 ], [ 110.441119455999797, -7.756263196999874 ], [ 110.441178729999763, -7.75641811299987 ], [ 110.441212388999759, -7.756418291999903 ], [ 110.441846397999782, -7.756421661999909 ], [ 110.441889064999785, -7.756600906999872 ], [ 110.442186666999774, -7.756628042999904 ], [ 110.442374333999808, -7.756652358999856 ], [ 110.442671903999781, -7.75670356399988 ], [ 110.44286477199978, -7.75685091199988 ], [ 110.442791694999769, -7.757366987999863 ], [ 110.442756681999754, -7.7574846179999 ], [ 110.442682840999808, -7.757680629999908 ], [ 110.442630872999757, -7.757812060999894 ], [ 110.442593070999763, -7.757912983999894 ], [ 110.442549408999767, -7.758094124999882 ], [ 110.442359087999776, -7.758048409999872 ], [ 110.442310624999777, -7.758198114999884 ], [ 110.442200446999777, -7.75837983499988 ], [ 110.442125200999783, -7.758505435999883 ], [ 110.442052668999807, -7.758606969999893 ], [ 110.441958712999806, -7.758687080999857 ], [ 110.441913752999795, -7.758881897999887 ], [ 110.44187239299977, -7.759077439999861 ], [ 110.441944685999786, -7.759157768999879 ], [ 110.441995551999767, -7.759219347999846 ], [ 110.442183878999813, -7.759351891999835 ], [ 110.442202554999781, -7.759471673999862 ], [ 110.442289572999755, -7.759542233999916 ], [ 110.442346009999767, -7.759617515999856 ], [ 110.442420026999812, -7.75972680399989 ], [ 110.442453798999807, -7.759780584999845 ], [ 110.442437260999782, -7.760121557999914 ], [ 110.442465963999808, -7.760185332999909 ], [ 110.442484690999777, -7.76022694099985 ], [ 110.442525030999789, -7.760316571999882 ], [ 110.442564846999801, -7.7604003419999 ], [ 110.442339801999793, -7.761094547999888 ], [ 110.442352318999795, -7.761098001999851 ], [ 110.442362194999774, -7.761100727999912 ], [ 110.442516817999802, -7.761132372999876 ], [ 110.44263780799983, -7.761157132999859 ], [ 110.443239707999808, -7.761280315999882 ], [ 110.443475403999813, -7.761486557999865 ], [ 110.44315879299981, -7.761638587999845 ], [ 110.443070231999798, -7.76169463499988 ], [ 110.443029818999776, -7.761839003999891 ], [ 110.443024090999771, -7.761957677999853 ], [ 110.443078266999763, -7.7620520229999 ], [ 110.443216827999791, -7.762206654999874 ], [ 110.443391697999829, -7.762279094999853 ], [ 110.443654925999809, -7.762393840999865 ], [ 110.443849456999786, -7.762514040999893 ], [ 110.44397515099979, -7.762768279999859 ], [ 110.443973853999765, -7.763086206999885 ], [ 110.443884961999814, -7.763392985999849 ], [ 110.443764035999777, -7.763591406999906 ], [ 110.443729949999749, -7.763671928999866 ], [ 110.443732514999809, -7.763760188999912 ], [ 110.443809967999769, -7.763995642999867 ], [ 110.443932776999773, -7.764404996999858 ], [ 110.443951280999798, -7.764608279999873 ], [ 110.443981374999808, -7.764733038999886 ], [ 110.44405019899979, -7.764855781999851 ], [ 110.444159245999813, -7.765072274999885 ], [ 110.444281208999783, -7.765616018999855 ], [ 110.444309021999814, -7.765876815999862 ], [ 110.44427859699978, -7.766073348999874 ], [ 110.444276203999792, -7.76636419399988 ], [ 110.444253482999798, -7.766819491999886 ], [ 110.444175142999782, -7.767157840999888 ], [ 110.444291207999768, -7.767216662999854 ], [ 110.444464645999801, -7.767231933999866 ], [ 110.444469615999779, -7.767632142999891 ], [ 110.444466634999813, -7.768014217999887 ], [ 110.444549572999804, -7.768029369999887 ], [ 110.444402328999814, -7.768332095999859 ], [ 110.444347972999779, -7.768374147999885 ], [ 110.444294116999814, -7.768445750999867 ], [ 110.444030248999752, -7.768376203999859 ], [ 110.44365476999981, -7.768301997999897 ], [ 110.443503430999783, -7.768276761999886 ], [ 110.443207894999787, -7.768202157999875 ], [ 110.442500235999788, -7.768008668999848 ], [ 110.442439432999791, -7.767972742999909 ], [ 110.442252982999804, -7.76792209299991 ], [ 110.441408586999813, -7.767714381999888 ], [ 110.440835594999797, -7.76758124299986 ], [ 110.440724808999789, -7.767713482999892 ], [ 110.440706612999819, -7.767785668999901 ], [ 110.440714489999792, -7.76791204799991 ], [ 110.440732484999799, -7.767992305999866 ], [ 110.440746485999796, -7.768050493999885 ], [ 110.440756477999798, -7.768102617999865 ], [ 110.440740173999771, -7.76826109999989 ], [ 110.440655677999771, -7.768283051999886 ], [ 110.440637814999803, -7.768371916999892 ], [ 110.4406128239998, -7.768576176999869 ], [ 110.440596398999816, -7.768680597999865 ], [ 110.440540315999783, -7.768832502999865 ], [ 110.440501961999757, -7.768940767999863 ], [ 110.440459605999763, -7.769032980999864 ], [ 110.440449480999803, -7.769085119999868 ], [ 110.4405115739998, -7.76927575699987 ], [ 110.440407003999795, -7.769269601999876 ], [ 110.440344656999812, -7.76927152499989 ], [ 110.440249667999765, -7.769297941999898 ], [ 110.440217270999796, -7.769463716999868 ], [ 110.440125830999762, -7.7696668549999 ], [ 110.440078545999782, -7.76975658999986 ], [ 110.440044156999789, -7.76990698299986 ], [ 110.439993511999774, -7.770183722999861 ], [ 110.439983304999785, -7.770298042999892 ], [ 110.439942425999803, -7.770468951999848 ], [ 110.439864326999796, -7.770699736999883 ], [ 110.439850717999775, -7.770852163999896 ], [ 110.439822614999812, -7.770930571999868 ], [ 110.439796877999754, -7.771009885999876 ], [ 110.439785828999817, -7.771253246999866 ], [ 110.439750895999808, -7.771309364999916 ], [ 110.439509831999771, -7.771398980999883 ], [ 110.439451983999803, -7.771679156999874 ], [ 110.439414210999772, -7.771756597999886 ], [ 110.439339787999756, -7.77193999599989 ], [ 110.439323492999804, -7.772095092999872 ], [ 110.4392643999998, -7.772169898999863 ], [ 110.439194569999771, -7.772252715999893 ], [ 110.439175636999792, -7.772375715999877 ], [ 110.439242375999768, -7.772600458999872 ], [ 110.439288085999763, -7.772768502999885 ], [ 110.439344251999799, -7.773024530999905 ], [ 110.439377066999796, -7.773134937999871 ], [ 110.439345894999818, -7.773400258999883 ], [ 110.439310745999776, -7.773640030999878 ], [ 110.439264681999774, -7.77397783499985 ], [ 110.439210870999773, -7.774114161999842 ], [ 110.43920263999982, -7.774276408999914 ], [ 110.43929367499976, -7.774357647999889 ], [ 110.439679791999765, -7.77439738999985 ], [ 110.44008737799976, -7.774380089999894 ], [ 110.440352070999779, -7.774400334999859 ], [ 110.440543123999774, -7.774466272999906 ], [ 110.4405160419998, -7.774690008999854 ], [ 110.4403809169998, -7.775481470999901 ], [ 110.440340418999767, -7.775666839999853 ], [ 110.440203645999759, -7.775677356999875 ], [ 110.440010507999787, -7.775727917999898 ], [ 110.43987635699979, -7.775783903999909 ], [ 110.439865566999813, -7.775832030999849 ], [ 110.439849646999804, -7.775909448999847 ], [ 110.439817033999759, -7.776068041999885 ], [ 110.439800649999782, -7.7761422699999 ], [ 110.439776455999791, -7.776299942999893 ], [ 110.439684860999762, -7.776618082999887 ], [ 110.439649830999798, -7.776746411999903 ], [ 110.439708263999776, -7.777169052999888 ], [ 110.439756169999782, -7.777441910999841 ], [ 110.439597954999783, -7.777444376999861 ], [ 110.439490323999792, -7.777722378999885 ], [ 110.439393624999767, -7.777845276999858 ], [ 110.439379939999768, -7.778053865999858 ], [ 110.4392856959998, -7.778347931999903 ], [ 110.439231619999759, -7.778682168999911 ], [ 110.439150754999801, -7.778997647999907 ], [ 110.439077851999798, -7.779374649999895 ], [ 110.439031991999812, -7.779580522999858 ], [ 110.438999407999816, -7.779885368999861 ], [ 110.438966807999819, -7.780224097999875 ], [ 110.438982233999781, -7.780701055999871 ], [ 110.439065826999752, -7.780964706999871 ], [ 110.439112640999809, -7.781171409999882 ], [ 110.439170751999782, -7.781455539999882 ], [ 110.4391842349998, -7.781563308999898 ], [ 110.439175354999804, -7.78174566099988 ], [ 110.439185310999804, -7.781837573999862 ], [ 110.439225493999814, -7.781935270999876 ], [ 110.439291596999823, -7.782030129999866 ], [ 110.439339028999782, -7.782090501999885 ], [ 110.439409333999791, -7.782272957999888 ], [ 110.439374508999776, -7.782476813999883 ], [ 110.439336870999824, -7.782630408999892 ], [ 110.43929872999982, -7.782687714999871 ], [ 110.438992130999821, -7.782773528999853 ], [ 110.439016199999813, -7.782907667999865 ], [ 110.438978619999787, -7.782986763999844 ], [ 110.4388417589998, -7.783131682999882 ], [ 110.438762329999832, -7.783186540999897 ], [ 110.438671866999783, -7.783250176999885 ], [ 110.43861770399981, -7.783362379999893 ], [ 110.43855581399977, -7.783490588999855 ], [ 110.439336400999792, -7.783495756999892 ], [ 110.439326831999779, -7.783885380999878 ], [ 110.439359650999805, -7.784160725999857 ], [ 110.439366600999804, -7.784606032999851 ], [ 110.439251789999801, -7.7847367619999 ], [ 110.439234025999795, -7.784891750999901 ], [ 110.438104095999805, -7.784978377999878 ], [ 110.436544793999772, -7.785106361999875 ], [ 110.436547503999819, -7.785199663999872 ], [ 110.436540301999827, -7.785250698999885 ], [ 110.436457070999808, -7.785485955999881 ], [ 110.436412167999791, -7.785676734999891 ], [ 110.43633059799977, -7.785861102999867 ], [ 110.436239281999818, -7.786180636999909 ], [ 110.436194364999778, -7.786380956999884 ], [ 110.436170131999802, -7.786616291999883 ], [ 110.436160187999803, -7.786897765999906 ], [ 110.436135967999817, -7.787123559999878 ], [ 110.436113318999801, -7.787366848999893 ], [ 110.436097293999765, -7.787425668999893 ], [ 110.436054138999808, -7.787501946999882 ], [ 110.436025176999763, -7.78769592799987 ], [ 110.435962754999764, -7.787870779999872 ], [ 110.435901858999813, -7.78809652499989 ], [ 110.435836255999803, -7.788265011999884 ], [ 110.435781901999803, -7.788368309999885 ], [ 110.435706822999819, -7.788468399999864 ], [ 110.435658927999782, -7.788511274999885 ], [ 110.435574353999769, -7.788557280999881 ], [ 110.435491396999794, -7.788585796999853 ], [ 110.435456284999773, -7.78860960499989 ], [ 110.4353699199998, -7.788801918999912 ], [ 110.435318754999784, -7.788905221999864 ], [ 110.435270621999805, -7.78912621199987 ], [ 110.435262590999798, -7.789169139999875 ], [ 110.435268939999801, -7.789191412999901 ], [ 110.435280081999792, -7.789205740999858 ], [ 110.435329473999801, -7.789236021999874 ], [ 110.43536292799979, -7.789259921999862 ], [ 110.435362895999802, -7.789283776999921 ], [ 110.435353262999811, -7.789333063999883 ], [ 110.435329183999784, -7.78945230599986 ], [ 110.435273151999766, -7.789617624999869 ], [ 110.435263537999802, -7.789652598999885 ], [ 110.435276239999794, -7.78969396399991 ], [ 110.435285736999802, -7.789746456999909 ], [ 110.435279287999776, -7.789798928999907 ], [ 110.435237702999771, -7.789892701999884 ], [ 110.435234454999787, -7.789937227999857 ], [ 110.435313944999791, -7.790115448999851 ], [ 110.435399841999768, -7.790273005999873 ], [ 110.4354204939998, -7.790330283999852 ], [ 110.435344828999803, -7.790867710999909 ], [ 110.435290029999763, -7.791303385999897 ], [ 110.435256216999804, -7.791546659999876 ], [ 110.435203049999771, -7.791953711999879 ], [ 110.435175655999785, -7.792166777999896 ], [ 110.435154642999763, -7.792378262999871 ], [ 110.435120836999786, -7.792616765999905 ], [ 110.435046852999804, -7.793088992999885 ], [ 110.434992160999798, -7.79344356099987 ], [ 110.434955211999764, -7.793647071999867 ], [ 110.434897512999797, -7.793866458999887 ], [ 110.434827279999737, -7.793918845999874 ], [ 110.434787345999794, -7.793969683999862 ], [ 110.434697886999814, -7.794090428999874 ], [ 110.434661145999769, -7.794139679999864 ], [ 110.434614871999784, -7.794161881999894 ], [ 110.434544671999802, -7.794190413999882 ], [ 110.434476052999798, -7.794228489999869 ], [ 110.434388257999785, -7.794296756999847 ], [ 110.434369066999764, -7.794338078999858 ], [ 110.434370610999792, -7.794376248999891 ], [ 110.434389655999794, -7.794443067999894 ], [ 110.434392785999762, -7.794487600999885 ], [ 110.434368800999778, -7.794536868999872 ], [ 110.434303464999815, -7.794504974999857 ], [ 110.434262015999764, -7.794496967999904 ], [ 110.434226889999792, -7.794530317999862 ], [ 110.434134252999797, -7.794641516999867 ], [ 110.43406557499975, -7.794724120999877 ], [ 110.43401771299979, -7.794741551999886 ], [ 110.433949140999815, -7.794744640999892 ], [ 110.433917224999817, -7.794762090999878 ], [ 110.433882034999783, -7.794843150999874 ], [ 110.433827737999778, -7.794903509999854 ], [ 110.4337750589998, -7.794946377999888 ], [ 110.433727179999778, -7.794976530999906 ], [ 110.433687305999811, -7.794982837999878 ], [ 110.433634714999769, -7.794960503999898 ], [ 110.433607584999777, -7.794976370999883 ], [ 110.43351654099979, -7.795089161999863 ], [ 110.433468650999785, -7.795127264999885 ], [ 110.4334258049998, -7.79517014699988 ], [ 110.433519271999785, -7.795231763999867 ], [ 110.433493712999805, -7.795265656999894 ], [ 110.433415040999776, -7.795269791999863 ], [ 110.433315089999809, -7.795286620999875 ], [ 110.433251258999817, -7.795320463999863 ], [ 110.433191621999754, -7.79539883899989 ], [ 110.43313413999978, -7.795456013999883 ], [ 110.433076725999811, -7.795462297999874 ], [ 110.432957473999764, -7.795602086999881 ], [ 110.432863800999769, -7.795693139999901 ], [ 110.432666928999794, -7.795844839999909 ], [ 110.432274243999757, -7.796150360999864 ], [ 110.431994565999801, -7.796217132999887 ], [ 110.431727951999804, -7.796318555999888 ], [ 110.431515261999778, -7.796374815999885 ], [ 110.431177815999789, -7.796447869999877 ], [ 110.430678770999805, -7.796529188999875 ], [ 110.430619177999816, -7.796574344999872 ], [ 110.430542495999759, -7.796678849999907 ], [ 110.430273111999782, -7.796732204999884 ], [ 110.430151132999754, -7.796791412999863 ], [ 110.430105743999789, -7.796813968999905 ], [ 110.429949831999764, -7.796810931999909 ], [ 110.429808087999803, -7.79681074099988 ], [ 110.429426482999773, -7.796898734999873 ], [ 110.429364672999796, -7.79701103499989 ], [ 110.42924761199977, -7.797102054999847 ], [ 110.428586183999769, -7.797247472999898 ], [ 110.428541501999803, -7.797270736999888 ], [ 110.428481988999749, -7.797452482999899 ], [ 110.428473963999764, -7.797490639999904 ], [ 110.428469143999806, -7.797517668999864 ], [ 110.428508981999755, -7.797538395999853 ], [ 110.428509145999797, -7.797613140999865 ], [ 110.428356345999774, -7.79766594599986 ], [ 110.428259844999786, -7.797750632999897 ], [ 110.428109286999756, -7.797979434999868 ], [ 110.428092215999769, -7.798024647999887 ], [ 110.428092150999774, -7.798072710999898 ], [ 110.428094847999787, -7.798174494999885 ], [ 110.428086212999801, -7.798270608999861 ], [ 110.428040666999792, -7.798409081999889 ], [ 110.427810366999793, -7.798906363999873 ], [ 110.427733613999749, -7.799061757999868 ], [ 110.427727835999818, -7.799140911999856 ], [ 110.427741879999758, -7.799237056999885 ], [ 110.427721897999803, -7.799338809999864 ], [ 110.427684893999782, -7.799449021999912 ], [ 110.427548558999788, -7.799641089999882 ], [ 110.427449138999805, -7.79978797199985 ], [ 110.427369631999824, -7.799883988999905 ], [ 110.427332593999779, -7.80001964699987 ], [ 110.427304067999785, -7.800149660999903 ], [ 110.427167608999767, -7.800432198999873 ], [ 110.426997115999768, -7.800726000999864 ], [ 110.426857821999775, -7.801008534999863 ], [ 110.426675919999767, -7.80135321099986 ], [ 110.426678700999801, -7.80139279599989 ], [ 110.426667268999793, -7.801460633999902 ], [ 110.426618913999789, -7.801579311999867 ], [ 110.426536556999793, -7.801686635999868 ], [ 110.426403227999813, -7.80175148099987 ], [ 110.426340863999769, -7.801748568999847 ], [ 110.42629557999976, -7.801694790999859 ], [ 110.425229797999819, -7.801594390999901 ], [ 110.424983158999794, -7.801596883999849 ], [ 110.424529541999789, -7.801621711999845 ], [ 110.424387852999757, -7.801581938999874 ], [ 110.423687957999817, -7.801346325999859 ], [ 110.423944945999793, -7.79999525999987 ], [ 110.423132593999782, -7.799768724999895 ], [ 110.423089139999774, -7.799756606999873 ], [ 110.423057696999777, -7.7997603989999 ], [ 110.422977487999816, -7.799770071999861 ], [ 110.422976425999764, -7.799770254999864 ], [ 110.42284025499977, -7.799793682999893 ], [ 110.422786830999797, -7.799430882999882 ], [ 110.422731585999799, -7.799239013999896 ], [ 110.422697087999779, -7.799119198999885 ], [ 110.422437201999813, -7.798632528999899 ], [ 110.422396277999795, -7.798542086999859 ], [ 110.422386933999817, -7.79852537499987 ], [ 110.422387102999792, -7.798521808999891 ], [ 110.422379313999798, -7.798504595999853 ], [ 110.422373977999769, -7.798282465999851 ], [ 110.42240329099981, -7.798180086999865 ], [ 110.422425868999781, -7.79810123099991 ], [ 110.422440476999782, -7.798050212999875 ], [ 110.422526424999774, -7.797897880999854 ], [ 110.422686280999784, -7.797614551999906 ], [ 110.422783887999813, -7.797435408999872 ], [ 110.422844458999819, -7.797105654999856 ], [ 110.422852256999761, -7.797063201999863 ], [ 110.422902204999787, -7.796539290999862 ], [ 110.422903579999812, -7.796522052999861 ], [ 110.422920844999808, -7.796305795999875 ], [ 110.42290420899981, -7.796152742999859 ], [ 110.422901050999783, -7.796123689999881 ], [ 110.422290421999804, -7.795489801999895 ], [ 110.42217392699979, -7.795335304999889 ], [ 110.422103589999779, -7.79524480199988 ], [ 110.421948954999777, -7.795170863999869 ], [ 110.421812333999753, -7.795109621999849 ], [ 110.421689093999774, -7.794986330999888 ], [ 110.42164617799979, -7.794899283999858 ], [ 110.421655810999781, -7.79460787899987 ], [ 110.421662811999809, -7.794418595999884 ], [ 110.421666924999784, -7.794307385999878 ], [ 110.421645800999784, -7.794142924999886 ], [ 110.421298834999789, -7.793735018999859 ], [ 110.421287409999763, -7.793719195999849 ], [ 110.420980673999793, -7.79329437299991 ], [ 110.42091670999983, -7.793166304999867 ], [ 110.420907658999795, -7.792988002999882 ], [ 110.421022464999808, -7.792661482999879 ], [ 110.421060879999814, -7.792505704999868 ], [ 110.421046778999781, -7.792434781999856 ], [ 110.421037559999803, -7.792388410999856 ], [ 110.420858320999812, -7.792202884999855 ], [ 110.420851383999803, -7.792196751999855 ], [ 110.420587308999757, -7.7919633319999 ], [ 110.420454609999751, -7.791780825999909 ], [ 110.420396736999749, -7.791589929999867 ], [ 110.420396743999788, -7.79146648999987 ], [ 110.420450930999792, -7.791343341999868 ], [ 110.420584745999818, -7.791228487999859 ], [ 110.420619999999758, -7.791212717999868 ], [ 110.420959517999805, -7.791060849999886 ], [ 110.421365444999765, -7.790872648999863 ], [ 110.42151239999977, -7.790765003999903 ], [ 110.421581685999797, -7.790659918999876 ], [ 110.421581916999813, -7.790659567999905 ], [ 110.421619407999799, -7.790337248999888 ], [ 110.421605756999782, -7.790271796999866 ], [ 110.421437188999803, -7.79026581899989 ], [ 110.421052946999808, -7.790252191999892 ], [ 110.420919391999817, -7.790243832999902 ], [ 110.420812654999807, -7.790183590999874 ], [ 110.420754772999786, -7.79009853199986 ], [ 110.42075043299981, -7.789976388999885 ], [ 110.421107973999767, -7.789569426999872 ], [ 110.421202501999815, -7.789462854999875 ], [ 110.421241474999775, -7.789418916999893 ], [ 110.421303455999833, -7.789233519999843 ], [ 110.421290515999786, -7.789132458999888 ], [ 110.421197369999803, -7.788978777999868 ], [ 110.421172553999781, -7.788937834999874 ], [ 110.421051940999817, -7.788785412999905 ], [ 110.421004184999802, -7.788670101999887 ], [ 110.421003116999785, -7.788523450999873 ], [ 110.421281727999769, -7.788114970999898 ], [ 110.421350485999767, -7.787960644999865 ], [ 110.421348244999777, -7.787572630999865 ], [ 110.421348155999794, -7.787557152999899 ], [ 110.421266775999783, -7.787186821999891 ], [ 110.421154631999812, -7.786873252999871 ], [ 110.421126195999761, -7.786793742999904 ], [ 110.421054930999802, -7.786595983999904 ], [ 110.421051567999768, -7.78658665099986 ], [ 110.421026639999781, -7.786517484999852 ], [ 110.421014132999815, -7.786470681999891 ], [ 110.421013819999786, -7.786469509999893 ], [ 110.42102346699977, -7.786306855999878 ], [ 110.41658662999977, -7.786646116999895 ], [ 110.416348093999773, -7.783340245999888 ], [ 110.416348590999803, -7.783321753999846 ], [ 110.416751186999761, -7.783320651999854 ], [ 110.418138291999753, -7.783328705999891 ], [ 110.418973209999777, -7.78332943399986 ], [ 110.419126530999804, -7.783329604999865 ], [ 110.419220986999804, -7.782938035999894 ], [ 110.419262944999801, -7.782721575999889 ], [ 110.419275140999815, -7.782577999999878 ], [ 110.419310136999826, -7.78226545999989 ], [ 110.419367293999784, -7.782092396999857 ], [ 110.419525969999768, -7.781771876999852 ], [ 110.419607027999803, -7.7816016829999 ], [ 110.419641327999784, -7.781493870999881 ], [ 110.419664371999801, -7.781292375999875 ], [ 110.419699563999785, -7.781052580999841 ], [ 110.41970215799978, -7.780912907999874 ], [ 110.419670638999776, -7.780570355999862 ], [ 110.41967284999977, -7.780301079999877 ], [ 110.419664695999757, -7.780022197999855 ], [ 110.419742521999751, -7.779304899999858 ], [ 110.419779324999752, -7.77892815499989 ], [ 110.419739112999778, -7.778679030999894 ], [ 110.419607371999831, -7.778246705999875 ], [ 110.419639861999784, -7.777901885999861 ], [ 110.41966427299981, -7.777722507999882 ], [ 110.419694600999804, -7.77747224599987 ], [ 110.419743509999776, -7.777295147999872 ], [ 110.41984618399978, -7.776871831999844 ], [ 110.419945486999808, -7.776510729999857 ], [ 110.420045565999786, -7.776231336999888 ], [ 110.420112878999788, -7.775957204999865 ], [ 110.420082630999786, -7.775838650999878 ], [ 110.419880733999776, -7.775602186999865 ], [ 110.419535158999807, -7.775360217999863 ], [ 110.419221444999806, -7.77516871599986 ], [ 110.419128415999765, -7.775096935999888 ], [ 110.419041349999773, -7.774974253999908 ], [ 110.419015346999814, -7.774253261999871 ], [ 110.418943681999792, -7.774019825999899 ], [ 110.418764189999777, -7.773675555999858 ], [ 110.418695524999833, -7.773442123999858 ], [ 110.418671804999818, -7.773241659999859 ], [ 110.418651154999807, -7.772990343999856 ], [ 110.4186334179998, -7.772801853999881 ], [ 110.418642605999793, -7.772664256999898 ], [ 110.418630743999756, -7.772565519999865 ], [ 110.418590736999789, -7.77241433199984 ], [ 110.418511236999819, -7.772224323999898 ], [ 110.418412433999791, -7.77209555299984 ], [ 110.418217822999793, -7.771841007999886 ], [ 110.418073017999816, -7.771620547999852 ], [ 110.417983485999812, -7.771360854999867 ], [ 110.417978321999783, -7.77121642799986 ], [ 110.418029439999771, -7.771093473999856 ], [ 110.418107313999769, -7.771013346999879 ], [ 110.418286892999788, -7.770928661999882 ], [ 110.418523223999784, -7.770810657999889 ], [ 110.418620791999814, -7.77071214899988 ], [ 110.41866895399977, -7.770587767999848 ], [ 110.418681223999783, -7.770389147999873 ], [ 110.418671175999819, -7.77027033799986 ], [ 110.418628801999787, -7.770122710999869 ], [ 110.418559279999798, -7.769937371999887 ], [ 110.418475749999814, -7.76974676799987 ], [ 110.418364082999801, -7.769540074999889 ], [ 110.418164360999768, -7.769349067999869 ], [ 110.418008587999807, -7.769207654999857 ], [ 110.417895379999791, -7.769135590999877 ], [ 110.41770398899979, -7.769106721999876 ], [ 110.417205174999779, -7.76910495899987 ], [ 110.41683992599981, -7.769095233999886 ], [ 110.416381926999819, -7.769027450999866 ], [ 110.416173236999796, -7.769008892999904 ], [ 110.415980058999764, -7.769011046999855 ], [ 110.415881822999779, -7.768961662999899 ], [ 110.41569441199978, -7.768750123999883 ], [ 110.415584703999812, -7.768581482999855 ], [ 110.415442224999779, -7.768403123999897 ], [ 110.415380073999771, -7.768230889999848 ], [ 110.415287966999756, -7.767925833999856 ], [ 110.415194473999819, -7.767666283999898 ], [ 110.415140708999786, -7.767465062999903 ], [ 110.415119958999753, -7.767256989999888 ], [ 110.4151267069998, -7.767112649999869 ], [ 110.41516331299978, -7.766930766999878 ], [ 110.41520401299978, -7.766774988999867 ], [ 110.415229652999756, -7.76667201799987 ], [ 110.415242084999775, -7.766564474999866 ], [ 110.4152124069998, -7.766281701999888 ], [ 110.415234177999764, -7.766154891999889 ], [ 110.415290312999787, -7.766032011999845 ], [ 110.415360176999812, -7.765902088999869 ], [ 110.415478821999784, -7.765750829999869 ], [ 110.415673041999781, -7.765504116999906 ], [ 110.415755810999769, -7.765339577999876 ], [ 110.415807143999771, -7.765152639999862 ], [ 110.41591743899977, -7.764774188999892 ], [ 110.416030766999782, -7.764447232999851 ], [ 110.416022795999766, -7.764362464999897 ], [ 110.41598983999981, -7.764285108999886 ], [ 110.4160917009998, -7.764181490999859 ], [ 110.416260366999794, -7.763966240999865 ], [ 110.416531979999803, -7.763624383999896 ], [ 110.416652163999814, -7.763471382999884 ], [ 110.416776150999809, -7.763334172999901 ], [ 110.41683655999978, -7.763278593999854 ], [ 110.416898375999779, -7.763191630999868 ], [ 110.416911393999797, -7.763129779999854 ], [ 110.417006476999816, -7.762909415999882 ], [ 110.417033063999796, -7.762699100999878 ], [ 110.4170779869998, -7.762556752999875 ], [ 110.416922697999809, -7.762065931999856 ], [ 110.416848561999771, -7.761886338999854 ], [ 110.416707210999817, -7.761728192999873 ], [ 110.416630589999784, -7.761610820999889 ], [ 110.416623701999754, -7.761385848999899 ], [ 110.416602254999759, -7.761222411999863 ], [ 110.416604671999792, -7.761155846999864 ], [ 110.416604878999749, -7.761005409999866 ], [ 110.416615110999786, -7.760877049999902 ], [ 110.416613301999803, -7.760730620999849 ], [ 110.416606452999773, -7.760576629999878 ], [ 110.416585743999818, -7.760367181999839 ], [ 110.416559428999818, -7.760151692999867 ], [ 110.416519893999819, -7.759924145999864 ], [ 110.416483785999787, -7.75985790299988 ], [ 110.416385392999771, -7.759749452999841 ], [ 110.41629499699981, -7.759675112999881 ], [ 110.416168451999795, -7.759564618999882 ], [ 110.416005795999752, -7.759389886999862 ], [ 110.415923511999793, -7.759267417999912 ], [ 110.41584008999979, -7.759031470999875 ], [ 110.415744858999815, -7.758726516999871 ], [ 110.415669302999802, -7.758400545999891 ], [ 110.415624258999813, -7.758209781999865 ], [ 110.415603480999792, -7.75805152499985 ], [ 110.415601369999777, -7.757890965999851 ], [ 110.415594653999804, -7.75768619099988 ], [ 110.415578489999831, -7.757565169999899 ], [ 110.415543873999766, -7.757481698999842 ], [ 110.415434206999763, -7.757304359999907 ], [ 110.415315425999779, -7.757159928999882 ], [ 110.415174543999797, -7.756971708999882 ], [ 110.415072140999783, -7.756855228999859 ], [ 110.415007916999826, -7.756760865999894 ], [ 110.414977872999785, -7.756635914999875 ], [ 110.414961658999815, -7.756552124999859 ], [ 110.414952416999782, -7.756486957999846 ], [ 110.414968807999813, -7.756442770999892 ], [ 110.415014415999821, -7.756337853999909 ], [ 110.415096499999791, -7.756146606999877 ], [ 110.415244979999798, -7.755889320999856 ], [ 110.41538771499981, -7.755706598999867 ], [ 110.41540203999979, -7.755549028999871 ], [ 110.415365634999787, -7.75535058399986 ], [ 110.415332074999768, -7.75513525899986 ], [ 110.415315433999751, -7.754926991999892 ], [ 110.415331108999794, -7.754813041999906 ], [ 110.415369386999771, -7.754676609999855 ], [ 110.4153583169998, -7.7545204119999 ], [ 110.415317567999779, -7.754403569999891 ], [ 110.415227439999796, -7.754289473999894 ], [ 110.415162639999778, -7.754221846999872 ], [ 110.415124637999781, -7.754159884999904 ], [ 110.415133184999789, -7.754099392999843 ], [ 110.415169304999793, -7.754049270999854 ], [ 110.415261760999812, -7.753953234999865 ], [ 110.415360581999778, -7.753901309999866 ], [ 110.415456573999791, -7.753855008999888 ], [ 110.415546897999789, -7.753826991999897 ], [ 110.415642527999765, -7.753793411999858 ], [ 110.415658443999803, -7.75375397799989 ], [ 110.415643034999803, -7.753675161999905 ], [ 110.415585308999766, -7.753593472999878 ], [ 110.415512039999797, -7.753530054999868 ], [ 110.415489555999784, -7.753466706999897 ], [ 110.415574471999776, -7.753268428999854 ], [ 110.415636671999778, -7.753174241999875 ], [ 110.41573692199978, -7.753109653999885 ], [ 110.415896470999769, -7.753008564999883 ], [ 110.416040508999799, -7.752901826999875 ], [ 110.416088583999823, -7.752821690999874 ], [ 110.416133888999767, -7.752703559999847 ], [ 110.416166468999805, -7.752606517999859 ], [ 110.416162389999783, -7.752495354999873 ], [ 110.41612161699976, -7.752395396999861 ], [ 110.416110450999795, -7.752308144999892 ], [ 110.416128883999775, -7.752240630999879 ], [ 110.41620944499978, -7.752130991999851 ], [ 110.416271600999806, -7.752069165999879 ], [ 110.416318176999781, -7.752052344999894 ], [ 110.416402594999809, -7.752073356999883 ], [ 110.416462049999794, -7.752065206999856 ], [ 110.416508658999774, -7.752024465999911 ], [ 110.416542641999797, -7.751933053999874 ], [ 110.416641954999776, -7.751523736999878 ], [ 110.416660404999817, -7.75144355899986 ], [ 110.41667461599981, -7.751367597999859 ], [ 110.416663405999785, -7.751312706999885 ], [ 110.416562017999766, -7.751180305999894 ], [ 110.416505739999778, -7.751071884999853 ], [ 110.416472010999797, -7.750978972999905 ], [ 110.416435468999808, -7.750880428999865 ], [ 110.416409892999766, -7.750790818999885 ], [ 110.416407190999792, -7.750743925999852 ], [ 110.416406133999786, -7.750669329999869 ], [ 110.416425955999784, -7.750617296999884 ], [ 110.416510743999766, -7.750510476999905 ], [ 110.416562980999814, -7.750480998999857 ], [ 110.416689983999802, -7.75045162499985 ], [ 110.41677043999978, -7.750417965999855 ], [ 110.416835388999814, -7.750375843999882 ], [ 110.416874945999808, -7.750335092999865 ], [ 110.416898983999786, -7.750294320999876 ], [ 110.416900615999808, -7.750132511999865 ], [ 110.416878542999783, -7.749983710999896 ], [ 110.41682073599975, -7.749748275999854 ], [ 110.416830695999778, -7.749686379999878 ], [ 110.416898487999802, -7.749628782999855 ], [ 110.417017078999805, -7.749561406999855 ], [ 110.417090515999817, -7.749502410999896 ], [ 110.41710471799982, -7.749433484999862 ], [ 110.417094935999785, -7.749365932999904 ], [ 110.417041462999819, -7.749268772999855 ], [ 110.416751366999804, -7.748901133999851 ], [ 110.416580924999778, -7.748717982999867 ], [ 110.416374421999762, -7.748435293999851 ], [ 110.416330336999764, -7.748319390999873 ], [ 110.416311268999792, -7.748109743999905 ], [ 110.416295066999808, -7.747834428999893 ], [ 110.416267570999779, -7.747712506999879 ], [ 110.416226205999763, -7.747629705999866 ], [ 110.416140634999778, -7.747519261999905 ], [ 110.416110322999785, -7.747441990999876 ], [ 110.416105779999796, -7.747337009999897 ], [ 110.416135536999789, -7.747204822999862 ], [ 110.416213415999792, -7.747029480999888 ], [ 110.416388809999788, -7.746688275999849 ], [ 110.416495982999791, -7.74650749999987 ], [ 110.416620697999818, -7.746298369999911 ], [ 110.416440281999783, -7.746189309999898 ], [ 110.416458069999749, -7.74592547499991 ], [ 110.416449949999802, -7.745798586999899 ], [ 110.416580063999803, -7.745691196999847 ], [ 110.416806136999767, -7.745491911999906 ], [ 110.41684557799978, -7.745533238999867 ], [ 110.416856716999803, -7.745640189999889 ], [ 110.41687354199982, -7.745715256999908 ], [ 110.416922295999782, -7.745824134999892 ], [ 110.416954185999771, -7.745886089999873 ], [ 110.417007619999765, -7.746011234999893 ], [ 110.417724656999795, -7.746167302999862 ], [ 110.4180480899998, -7.746227779999892 ], [ 110.418689984999787, -7.746316205999885 ], [ 110.419186464999783, -7.746374415999894 ], [ 110.419647847999784, -7.746422571999902 ], [ 110.41964617399978, -7.746636060999866 ], [ 110.419639139999802, -7.746803357999886 ], [ 110.419609959999775, -7.747130286999868 ], [ 110.419555850999771, -7.7479667079999 ], [ 110.419539472999759, -7.748324571999857 ], [ 110.41952038799981, -7.748833908999857 ], [ 110.419510100999801, -7.749045221999887 ], [ 110.419508204999786, -7.749084167999882 ], [ 110.419492339999763, -7.74941003799989 ], [ 110.41949147899976, -7.74988776299987 ], [ 110.41949379799982, -7.750384359999874 ], [ 110.419497576999802, -7.750854860999858 ], [ 110.419517572999794, -7.751058569999876 ], [ 110.419544979999799, -7.751337760999875 ], [ 110.419572297999764, -7.751616055999849 ], [ 110.419600677999782, -7.752001531999884 ], [ 110.419605946999766, -7.752073116999878 ], [ 110.419606965999776, -7.752104673999879 ], [ 110.419875424999759, -7.752130167999876 ], [ 110.420141065999772, -7.75216770599988 ], [ 110.420234547999769, -7.752180914999864 ], [ 110.420618849999755, -7.752242465999854 ], [ 110.420896669999777, -7.752266535999912 ], [ 110.420923136999775, -7.752270552999885 ], [ 110.420945475999758, -7.752273942999899 ], [ 110.421273779999765, -7.752323767999855 ], [ 110.421443625999771, -7.752346973999904 ], [ 110.421447989999763, -7.752331217999867 ], [ 110.421471478999777, -7.75219448699986 ], [ 110.421473459999788, -7.752182955999879 ], [ 110.421507418999809, -7.751985281999879 ], [ 110.421542861999797, -7.751985043999891 ], [ 110.421791458999806, -7.751983372999891 ], [ 110.421970953999804, -7.751982165999874 ], [ 110.422120089999794, -7.751981164999878 ], [ 110.422174507999799, -7.751980798999897 ], [ 110.422257405999829, -7.75197971499986 ], [ 110.42227059299978, -7.751979542999869 ], [ 110.422521384999769, -7.751976263999881 ], [ 110.422794186999809, -7.751972696999862 ], [ 110.422837957999803, -7.751972124999879 ], [ 110.422888283999796, -7.751973234999896 ], [ 110.42318466199977, -7.751979774999868 ], [ 110.423209296999815, -7.751985033999887 ], [ 110.423219660999806, -7.751987245999866 ], [ 110.42333698099975, -7.752012289999855 ], [ 110.423533660999794, -7.752065206999866 ], [ 110.423572911999756, -7.752070338999871 ], [ 110.423588215999771, -7.752072338999859 ], [ 110.423642371999804, -7.752079419999908 ], [ 110.42366923199981, -7.752082931999892 ], [ 110.423816571999808, -7.752102196999866 ], [ 110.423820339999807, -7.752102689999863 ], [ 110.424119048999813, -7.75211625699987 ], [ 110.424194545999796, -7.752119306999851 ], [ 110.424517330999791, -7.752132350999864 ], [ 110.42452520699976, -7.752133472999881 ], [ 110.424603170999788, -7.752144584999862 ], [ 110.424693633999766, -7.752157477999877 ], [ 110.424771618999799, -7.752168591999891 ], [ 110.424804199999755, -7.752177359999882 ], [ 110.425038091999809, -7.752240306999881 ], [ 110.425146989999817, -7.752269613999861 ], [ 110.425231142999792, -7.752289338999883 ], [ 110.425612583999822, -7.752378740999895 ], [ 110.425675893999781, -7.752393578999865 ], [ 110.425693566999783, -7.752397715999883 ], [ 110.426123243999783, -7.752498286999899 ], [ 110.426126232999763, -7.752499082999901 ], [ 110.4262089919998, -7.752521138999882 ], [ 110.426289870999767, -7.752595436999888 ], [ 110.426326649999794, -7.752630340999854 ], [ 110.426371945999804, -7.752673326999891 ], [ 110.42641864399981, -7.752696799999891 ], [ 110.426623806999785, -7.75283610599989 ], [ 110.426643737999783, -7.752849638999903 ], [ 110.426696107999788, -7.752885196999883 ], [ 110.426791671999766, -7.752917712999845 ], [ 110.426982834999777, -7.752957553999913 ], [ 110.426993736999833, -7.7528999929999 ], [ 110.42714161299979, -7.752934377999896 ], [ 110.427253400999803, -7.752975910999899 ], [ 110.42734714999979, -7.753017420999903 ], [ 110.427440893999801, -7.753062528999894 ], [ 110.427614031999795, -7.753091549999882 ], [ 110.427720449999768, -7.753102487999894 ], [ 110.427769204999791, -7.753066567999872 ], [ 110.42781625299979, -7.752958674999881 ], [ 110.427960877999823, -7.752728562999866 ], [ 110.428092866999819, -7.752505629999901 ], [ 110.428150788999815, -7.752359965999902 ], [ 110.428185209999768, -7.752252055999911 ], [ 110.428214179999785, -7.752172925999888 ], [ 110.428252329999793, -7.751975056999917 ], [ 110.428279556999783, -7.751850943999883 ], [ 110.42830858699979, -7.751726832999879 ], [ 110.428317914999752, -7.751498336999853 ], [ 110.428323357999773, -7.751474953999876 ], [ 110.428391955999771, -7.751439060999852 ], [ 110.428559758999768, -7.751410497999849 ], [ 110.428850243999776, -7.75137310199986 ], [ 110.428992755999801, -7.751371493999887 ], [ 110.429162368999755, -7.751339334999862 ], [ 110.429474537999795, -7.751273179999858 ], [ 110.429759664999807, -7.751194392999873 ], [ 110.429896835999784, -7.75114059799988 ], [ 110.430003294999793, -7.751120948999855 ], [ 110.430088078999816, -7.751121062999903 ], [ 110.430177195999761, -7.75103603099987 ], [ 110.430232530999774, -7.75101869699988 ], [ 110.430477900999804, -7.750992035999888 ], [ 110.430453227999749, -7.750560176999887 ], [ 110.430731021999819, -7.750567745999881 ], [ 110.431246907999778, -7.75059542399985 ], [ 110.431457938999756, -7.750617296999892 ], [ 110.432217277999783, -7.750702875999846 ], [ 110.432338369999812, -7.7505321059999 ], [ 110.432441345999791, -7.750418888999872 ], [ 110.432594864999786, -7.750280548999874 ], [ 110.432683372999833, -7.750194300999884 ], [ 110.432712391999772, -7.750077386999894 ], [ 110.432735975999776, -7.749978457999858 ], [ 110.432764924999802, -7.749913722999903 ], [ 110.432866141999824, -7.749766316999893 ], [ 110.432980068999768, -7.749557752999901 ], [ 110.432992767999792, -7.749503790999861 ], [ 110.432978562999807, -7.749334639999896 ], [ 110.432982307999794, -7.749232086999876 ], [ 110.432987784999824, -7.749163935999879 ], [ 110.433033110999759, -7.749012641999888 ], [ 110.433053075999808, -7.748922704999856 ], [ 110.43304594599978, -7.748857920999889 ], [ 110.432991972999801, -7.748749892999883 ], [ 110.432914507999797, -7.748672420999898 ], [ 110.432806397999812, -7.748578714999866 ], [ 110.432687596999756, -7.748386033999886 ], [ 110.432626456999813, -7.748242009999873 ], [ 110.43259420299978, -7.748080031999888 ], [ 110.432528278999783, -7.748046457999901 ], [ 110.432323781999798, -7.747955521999858 ], [ 110.432219518999773, -7.747683691999869 ], [ 110.432192036999751, -7.747574935999895 ], [ 110.43219063499977, -7.747485363999867 ], [ 110.432211379999799, -7.747338131999859 ], [ 110.432261791999807, -7.747200806999868 ], [ 110.432290798999759, -7.747134806999879 ], [ 110.432306961999771, -7.746998954999921 ], [ 110.432306369999793, -7.746872948999894 ], [ 110.432273029999763, -7.746789522999877 ], [ 110.43224730599978, -7.746651979999891 ], [ 110.432223159999779, -7.746497856999877 ], [ 110.432230200999754, -7.746442205999854 ], [ 110.43227898399978, -7.746384692999842 ], [ 110.432289692999817, -7.746349926999838 ], [ 110.432246739999755, -7.746215517999849 ], [ 110.432227154999808, -7.74607151799988 ], [ 110.432221860999789, -7.745934797999868 ], [ 110.43231566199978, -7.745936722999863 ], [ 110.432414876999772, -7.745936854999901 ], [ 110.432519459999767, -7.745969380999883 ], [ 110.432777013999782, -7.746050539999874 ], [ 110.432869573999795, -7.74585289399987 ], [ 110.432932886999779, -7.745721630999902 ], [ 110.43297810199978, -7.74563352699987 ], [ 110.433034128999807, -7.745554432999859 ], [ 110.433463519999819, -7.745640231999891 ], [ 110.43415047399975, -7.745759234999904 ], [ 110.434924443999762, -7.745888534999875 ], [ 110.435044613999764, -7.745902797999894 ], [ 110.435164784999756, -7.745917059999877 ], [ 110.435237220999795, -7.745925657999887 ], [ 110.435257732999801, -7.745873975999843 ], [ 110.435283842999766, -7.745808192999886 ], [ 110.435325236999816, -7.745661286999897 ], [ 110.435326513999797, -7.745656757999855 ], [ 110.435339531999787, -7.745610107999859 ], [ 110.435347977999768, -7.745574459999858 ], [ 110.435309954999781, -7.745493590999883 ], [ 110.435294383999803, -7.74546047099988 ], [ 110.435283682999824, -7.745433501999898 ], [ 110.435282629999804, -7.745430846999879 ], [ 110.435275820999777, -7.745413683999896 ], [ 110.435269882999776, -7.745398715999882 ], [ 110.435269596999788, -7.745397996999864 ], [ 110.435259648999775, -7.745372927999854 ], [ 110.43524282999978, -7.745330547999901 ], [ 110.435242715999777, -7.745330242999871 ], [ 110.435236204999811, -7.745312776999906 ], [ 110.43523534399975, -7.745310266999899 ], [ 110.435230146999814, -7.745295136999894 ], [ 110.435227443999821, -7.745287267999888 ], [ 110.435209321999778, -7.745234508999882 ], [ 110.435208310999784, -7.745231564999841 ], [ 110.435203581999787, -7.745195323999862 ], [ 110.4351888839998, -7.7451532939999 ], [ 110.435177324999771, -7.745120238999885 ], [ 110.435176441999786, -7.745117715999905 ], [ 110.435134438999796, -7.74500298299986 ], [ 110.435121217999793, -7.744966868999866 ], [ 110.435097545999781, -7.744891650999857 ], [ 110.435095658999799, -7.744885656999859 ], [ 110.435093262999757, -7.7448780429999 ], [ 110.435085503999815, -7.744801936999892 ], [ 110.435085210999787, -7.744799056999898 ], [ 110.43508554799979, -7.744787756999851 ], [ 110.435088044999773, -7.744703934999901 ], [ 110.435089730999778, -7.744647331999868 ], [ 110.435091305999777, -7.744543767999903 ], [ 110.435092229999796, -7.74448300999988 ], [ 110.43509238399983, -7.744469262999838 ], [ 110.435092671999783, -7.744443729999857 ], [ 110.435094270999812, -7.74430172599987 ], [ 110.435095432999788, -7.7442805519999 ], [ 110.43509857499977, -7.744223353999853 ], [ 110.435110424999792, -7.744161886999888 ], [ 110.43512394299978, -7.744091760999862 ], [ 110.4351287369998, -7.744075737999861 ], [ 110.435144201999805, -7.744024049999854 ], [ 110.43517154199975, -7.743932674999876 ], [ 110.435185476999806, -7.743894428999895 ], [ 110.435194419999789, -7.743869881999889 ], [ 110.43521664899977, -7.743844184999858 ], [ 110.435264930999793, -7.743828402999879 ], [ 110.4352926279998, -7.743740692999882 ], [ 110.435332858999814, -7.743613294999858 ], [ 110.435343732999812, -7.743578857999903 ], [ 110.43544169899981, -7.743162004999856 ], [ 110.43577540799977, -7.742493114999855 ], [ 110.435740430999772, -7.742372757999858 ], [ 110.435552382999802, -7.742337631999846 ], [ 110.434823306999775, -7.742226010999889 ], [ 110.434913364999773, -7.741488586999874 ], [ 110.435424903999788, -7.741549378999852 ], [ 110.435901083999809, -7.741585094999863 ], [ 110.436139171999798, -7.741604302999914 ], [ 110.436225733999777, -7.74162330999988 ], [ 110.43710373599977, -7.741922895999889 ], [ 110.437185745999784, -7.741592302999871 ], [ 110.437270374999812, -7.741028339999869 ], [ 110.437515055999782, -7.741177103999902 ] ] ] } },
{ "type": "Feature", "properties": { "kapanewon": "Depok", "kalurahan": "Condongcatur", "luas_ha": 858.03594931700002 }, "geometry": { "type": "Polygon", "coordinates": [ [ [ 110.400541193999814, -7.731403895999896 ], [ 110.400603260999816, -7.7314208639999 ], [ 110.400673858999781, -7.731464160999887 ], [ 110.400783185999785, -7.731521152999881 ], [ 110.400824184999749, -7.731541672999894 ], [ 110.400901664999765, -7.731553148999909 ], [ 110.400997374999832, -7.731569198999909 ], [ 110.401083953999773, -7.731594328999871 ], [ 110.401181900999816, -7.731639937999878 ], [ 110.401409974999765, -7.731668544999851 ], [ 110.401404471999811, -7.731743901999869 ], [ 110.401408480999777, -7.731930524999878 ], [ 110.401397554999804, -7.732024715999878 ], [ 110.401377231999803, -7.73208524799991 ], [ 110.401336663999757, -7.732149788999872 ], [ 110.40127590199981, -7.732183348999907 ], [ 110.401211087999798, -7.732219593999884 ], [ 110.401184046999802, -7.73225993099986 ], [ 110.401155590999792, -7.732347366999853 ], [ 110.401144625999791, -7.732468473999896 ], [ 110.401144513999782, -7.732573612999876 ], [ 110.401151101999815, -7.732659584999896 ], [ 110.401144228999797, -7.732749743999846 ], [ 110.401127887999806, -7.732818974999855 ], [ 110.401104889999786, -7.732900417999846 ], [ 110.401049402999774, -7.733020115999893 ], [ 110.400973688999798, -7.733131709999867 ], [ 110.40088986699979, -7.733252713999876 ], [ 110.400869558999787, -7.733302479999894 ], [ 110.400869506999754, -7.733338815999879 ], [ 110.400895071999813, -7.733388646999884 ], [ 110.400978638999803, -7.733471921999895 ], [ 110.401119575999772, -7.733582182999885 ], [ 110.401177620999775, -7.733628145999874 ], [ 110.401190149999778, -7.733673023999843 ], [ 110.401188262999796, -7.73373582499987 ], [ 110.401137671999805, -7.733891864999888 ], [ 110.401090734999798, -7.734008435999872 ], [ 110.40108345199981, -7.734069434999899 ], [ 110.401090564999805, -7.734128658999904 ], [ 110.401112060999779, -7.734193287999893 ], [ 110.401162968999785, -7.73425145299988 ], [ 110.401263079999751, -7.734300041999897 ], [ 110.401315667999768, -7.734322321999901 ], [ 110.401358297999778, -7.73434974599989 ], [ 110.40138161199981, -7.73440181499987 ], [ 110.401412114999815, -7.734457483999885 ], [ 110.401442628999803, -7.734505975999905 ], [ 110.40148738299979, -7.734542598999878 ], [ 110.401539965999802, -7.734568916999859 ], [ 110.401591514999794, -7.734610371999884 ], [ 110.40163596899977, -7.734660901999894 ], [ 110.401676327999795, -7.734743723999866 ], [ 110.401700463999788, -7.73485074899992 ], [ 110.401729762999764, -7.735003425999864 ], [ 110.401735009999754, -7.735109301999876 ], [ 110.401738451999819, -7.735220559999898 ], [ 110.40172748099981, -7.735346150999856 ], [ 110.401705791999817, -7.735417896999851 ], [ 110.401606651999785, -7.73555772099989 ], [ 110.401545382999785, -7.735631204999883 ], [ 110.401530961999782, -7.735652717999841 ], [ 110.401532732999797, -7.735672458999875 ], [ 110.40153807999981, -7.735688386999866 ], [ 110.4015850589998, -7.735720979999874 ], [ 110.401622566999777, -7.735753331999868 ], [ 110.401654857999802, -7.735817974999886 ], [ 110.40169252699981, -7.735895186999842 ], [ 110.401728427999785, -7.735950863999881 ], [ 110.401743882999781, -7.735994398999853 ], [ 110.401751677999769, -7.736047793999862 ], [ 110.401744423999801, -7.736089053999845 ], [ 110.401661534999818, -7.73618583499987 ], [ 110.401636244999793, -7.736259369999886 ], [ 110.401603775999789, -7.736322128999892 ], [ 110.401531697999758, -7.736406363999873 ], [ 110.40149200499981, -7.736488849999859 ], [ 110.401475709999787, -7.736562396999862 ], [ 110.401443186999771, -7.736662836999849 ], [ 110.401439512999801, -7.736716664999897 ], [ 110.401452029999817, -7.736770513999867 ], [ 110.401475337999798, -7.736826171999878 ], [ 110.401556323999813, -7.736861208999847 ], [ 110.401606569999799, -7.736892748999874 ], [ 110.401640660999774, -7.736955599999851 ], [ 110.4016674639998, -7.737084834999886 ], [ 110.401674446999778, -7.737235573999873 ], [ 110.40167436799976, -7.737291199999878 ], [ 110.401699498999804, -7.737330711999885 ], [ 110.401764210999787, -7.737366689999855 ], [ 110.401819900999783, -7.737422393999906 ], [ 110.401845017999804, -7.737470877999878 ], [ 110.401861078999801, -7.73756241499987 ], [ 110.401900562999799, -7.737628862999859 ], [ 110.401922059999791, -7.7376934909999 ], [ 110.401918370999795, -7.737758083999875 ], [ 110.401912900999804, -7.73781011399988 ], [ 110.401918254999785, -7.737840624999851 ], [ 110.401966753999787, -7.737892730999851 ], [ 110.401968443999763, -7.737969892999868 ], [ 110.4019646389998, -7.738117026999864 ], [ 110.401987941999792, -7.738176274999872 ], [ 110.402047197999792, -7.738255310999865 ], [ 110.402126204999774, -7.738359495999849 ], [ 110.40215665399981, -7.738454641999904 ], [ 110.402163664999776, -7.738585641999891 ], [ 110.402136490999794, -7.738720183999854 ], [ 110.402138186999778, -7.738793755999882 ], [ 110.402166886999808, -7.738853011999868 ], [ 110.402211777999767, -7.738912289999902 ], [ 110.402233312999797, -7.738950002999891 ], [ 110.402247640999818, -7.738994881999847 ], [ 110.402272637999801, -7.739129496999889 ], [ 110.402286851999818, -7.739255123999881 ], [ 110.402279552999801, -7.739328683999859 ], [ 110.402252461999765, -7.739404010999898 ], [ 110.40225233599979, -7.73949372999986 ], [ 110.402293360999764, -7.739743208999847 ], [ 110.402316562999786, -7.7398742319999 ], [ 110.402372169999765, -7.739989149999842 ], [ 110.402431389999791, -7.740093307999851 ], [ 110.40250137299978, -7.740219013999868 ], [ 110.402576793999813, -7.740316016999873 ], [ 110.402623476999807, -7.740380679999859 ], [ 110.402643199999787, -7.74042736199986 ], [ 110.402642974999779, -7.740587062999881 ], [ 110.402630081999803, -7.740800576999895 ], [ 110.402631781999816, -7.740870560999864 ], [ 110.402647909999772, -7.740915442999876 ], [ 110.402656818999816, -7.740976465999874 ], [ 110.402658544999795, -7.741028504999902 ], [ 110.402635071999782, -7.741089481999865 ], [ 110.402601253999762, -7.74115510299986 ], [ 110.40259171199979, -7.741220411999877 ], [ 110.402588055999786, -7.741261676999868 ], [ 110.402598778999803, -7.741311935999859 ], [ 110.40267758799979, -7.741557877999917 ], [ 110.40266308799977, -7.741635016999891 ], [ 110.402602287999827, -7.741705415999871 ], [ 110.402520834999791, -7.74174138799991 ], [ 110.402481443999775, -7.741755331999881 ], [ 110.402481365999819, -7.741755358999895 ], [ 110.402481319999765, -7.741755374999893 ], [ 110.402421822999784, -7.741776435999892 ], [ 110.402375005999787, -7.741806874999887 ], [ 110.402364144999765, -7.741855307999904 ], [ 110.402378467999768, -7.741903775999873 ], [ 110.402387391999781, -7.741954031999902 ], [ 110.402396773999783, -7.742104574999847 ], [ 110.402623492999794, -7.742072593999903 ], [ 110.402712126999802, -7.742064625999881 ], [ 110.4027645729998, -7.742073719999886 ], [ 110.402806157999763, -7.742088213999911 ], [ 110.402853156999754, -7.742111734999911 ], [ 110.402938134999786, -7.742140722999912 ], [ 110.403021328999799, -7.742153468999877 ], [ 110.403062639999831, -7.742151172999907 ], [ 110.403084645999797, -7.742149948999868 ], [ 110.403155191999772, -7.742151851999872 ], [ 110.403202166999804, -7.742142568999894 ], [ 110.403236544999814, -7.742137203999883 ], [ 110.403323170999784, -7.742142853999865 ], [ 110.403404946999785, -7.742159765999846 ], [ 110.403509633999789, -7.742179084999912 ], [ 110.403592823999773, -7.742193635999885 ], [ 110.403674217999779, -7.742199161999889 ], [ 110.403757439999779, -7.742192060999903 ], [ 110.403820768999779, -7.742179519999899 ], [ 110.403894972999765, -7.742152558999909 ], [ 110.403913092999801, -7.742130932999874 ], [ 110.403927617999784, -7.742093062999906 ], [ 110.403933208999774, -7.741975791999889 ], [ 110.403937123999768, -7.741764693999845 ], [ 110.403950054999783, -7.741573455999897 ], [ 110.403993892999793, -7.741272198999895 ], [ 110.404028545999793, -7.741070165999854 ], [ 110.404028943999805, -7.740786890999884 ], [ 110.404023225999765, -7.740710813999873 ], [ 110.403992703999805, -7.74066770499989 ], [ 110.403933364999787, -7.740647883999856 ], [ 110.403966104999796, -7.740449398999851 ], [ 110.404046189999804, -7.740099476999863 ], [ 110.404117172999818, -7.739789235999905 ], [ 110.404157224999778, -7.739607057999864 ], [ 110.404178949999803, -7.739594456999887 ], [ 110.404213323999812, -7.739590896999894 ], [ 110.404256734999763, -7.739592762999881 ], [ 110.40428025599978, -7.739589185999852 ], [ 110.404292956999768, -7.739562139999897 ], [ 110.404307567999766, -7.739462923999886 ], [ 110.404926068999799, -7.739568435999885 ], [ 110.405058094999802, -7.739586663999861 ], [ 110.405146720999767, -7.739594004999871 ], [ 110.405179248999815, -7.739617505999867 ], [ 110.405206327999792, -7.739657237999881 ], [ 110.405246019999765, -7.739731269999851 ], [ 110.405269428999759, -7.739807082999886 ], [ 110.405271154999767, -7.73986662799988 ], [ 110.405271091999808, -7.73991173499989 ], [ 110.405249354999825, -7.739985795999848 ], [ 110.405209704999777, -7.740037776999864 ], [ 110.40518985499979, -7.740080815999848 ], [ 110.405187929999784, -7.740170531999906 ], [ 110.405452355999785, -7.740188844999907 ], [ 110.4054738359998, -7.740266033999862 ], [ 110.405484539999804, -7.740330646999888 ], [ 110.40549646999979, -7.740437100999876 ], [ 110.405490917999785, -7.7405273079999 ], [ 110.405499736999786, -7.740687902999905 ], [ 110.405506914999762, -7.740729411999877 ], [ 110.405530329999763, -7.740801616999859 ], [ 110.405588033999791, -7.740935501999882 ], [ 110.405706773999782, -7.740930284999866 ], [ 110.405762542999753, -7.740930361999895 ], [ 110.405798549999759, -7.740910673999888 ], [ 110.405847894999795, -7.740892273999907 ], [ 110.405906254999778, -7.7408761169999 ], [ 110.406002645999777, -7.740828887999877 ], [ 110.406090910999765, -7.740772174999872 ], [ 110.406185618999757, -7.740706651999906 ], [ 110.406275668999811, -7.740635001999907 ], [ 110.406320690999792, -7.740600970999864 ], [ 110.406360291999775, -7.74058487599988 ], [ 110.406410668999811, -7.740581357999865 ], [ 110.406468230999806, -7.740585025999883 ], [ 110.406545553999763, -7.740608461999875 ], [ 110.40661926599978, -7.740642656999889 ], [ 110.406665988999819, -7.740678609999907 ], [ 110.406719667999766, -7.740886834999896 ], [ 110.406605808999757, -7.741259910999842 ], [ 110.406546446999755, -7.741256238999861 ], [ 110.406504804999784, -7.741446386999859 ], [ 110.406463427999768, -7.741446328999853 ], [ 110.406418329999781, -7.741534191999905 ], [ 110.406375015999799, -7.741632822999892 ], [ 110.406335344999775, -7.74169916099985 ], [ 110.406286672999798, -7.741770867999868 ], [ 110.406274013999806, -7.741817505999889 ], [ 110.406297276999823, -7.7419054629999 ], [ 110.406324222999785, -7.741934210999871 ], [ 110.406380921999769, -7.741971537999905 ], [ 110.406417626999783, -7.742036620999885 ], [ 110.406428280999776, -7.742137122999891 ], [ 110.406420933999755, -7.742244774999896 ], [ 110.406370446999816, -7.74232724699986 ], [ 110.4062929669998, -7.742415064999865 ], [ 110.406256903999818, -7.74247422999989 ], [ 110.4062225899998, -7.74256928499987 ], [ 110.40617562999978, -7.742702004999869 ], [ 110.406166353999794, -7.742902962999886 ], [ 110.406169843999777, -7.742980126999868 ], [ 110.406193147999801, -7.743039374999904 ], [ 110.406229004999787, -7.743127350999865 ], [ 110.406250431999752, -7.743242220999886 ], [ 110.406262891999816, -7.743337340999885 ], [ 110.406257378999797, -7.743419875999892 ], [ 110.406219458999772, -7.7435203089999 ], [ 110.406182478999781, -7.743549206999869 ], [ 110.406143817999819, -7.743579418999876 ], [ 110.4060375749998, -7.743652840999882 ], [ 110.406011408999802, -7.743679502999873 ], [ 110.405963709999753, -7.743728102999885 ], [ 110.405898817999812, -7.743819525999905 ], [ 110.40586995599979, -7.743875111999863 ], [ 110.405844648999803, -7.743961207999897 ], [ 110.405835527999798, -7.744050914999865 ], [ 110.405846234999785, -7.744113733999863 ], [ 110.405865935999785, -7.74417656499989 ], [ 110.405903613999811, -7.744248392999898 ], [ 110.405959277999813, -7.744323834999861 ], [ 110.406050948999805, -7.744379589999869 ], [ 110.406149838999795, -7.744419202999862 ], [ 110.406255956999772, -7.74443550099987 ], [ 110.406342311999765, -7.744433826999887 ], [ 110.406376492999769, -7.744433874999885 ], [ 110.406401668999777, -7.744441086999847 ], [ 110.406426821999801, -7.74446444999987 ], [ 110.406429849999768, -7.744474567999865 ], [ 110.406437565999809, -7.744500351999854 ], [ 110.40645537499978, -7.744629572999849 ], [ 110.406456967999773, -7.744776714999873 ], [ 110.406453229999784, -7.744877196999866 ], [ 110.406433192999799, -7.745054813999883 ], [ 110.406406118999783, -7.745117579999858 ], [ 110.406377272999819, -7.745162399999904 ], [ 110.406335884999763, -7.745169519999852 ], [ 110.406242331999778, -7.745172977999879 ], [ 110.406153193999799, -7.745180649999872 ], [ 110.406076012999819, -7.745180542999865 ], [ 110.406030030999787, -7.7451852429999 ], [ 110.405977842999789, -7.745197730999879 ], [ 110.405897333999803, -7.745240268999895 ], [ 110.405738599999808, -7.745322207999864 ], [ 110.405610763999803, -7.745397393999872 ], [ 110.405531796999753, -7.745434007999894 ], [ 110.405493183999795, -7.745449171999867 ], [ 110.405428547999833, -7.745462509999899 ], [ 110.405267906999782, -7.745459599999884 ], [ 110.405096155999814, -7.745463068999844 ], [ 110.405002593999797, -7.745471909999868 ], [ 110.40491617399978, -7.745520237999854 ], [ 110.404838725999753, -7.745584727999859 ], [ 110.404793612999768, -7.745603766999898 ], [ 110.404767803999803, -7.745614658999876 ], [ 110.404736139999798, -7.745615088999881 ], [ 110.404646188999791, -7.745614962999904 ], [ 110.404599401999803, -7.74562386999991 ], [ 110.404526342999773, -7.745646547999884 ], [ 110.404437390999774, -7.745695419999866 ], [ 110.404403605999804, -7.745704647999898 ], [ 110.404374578999779, -7.745712576999876 ], [ 110.404313223999807, -7.745720366999854 ], [ 110.404174707999829, -7.745714790999882 ], [ 110.404072137999805, -7.745710363999849 ], [ 110.404022764999766, -7.745719246999864 ], [ 110.403955119999765, -7.745738707999909 ], [ 110.403883551999826, -7.745778981999867 ], [ 110.403787652999767, -7.745851519999896 ], [ 110.403786250999772, -7.745889200999877 ], [ 110.403787502999762, -7.745957837999904 ], [ 110.403753637999785, -7.746053341999848 ], [ 110.403714382999823, -7.746143454999913 ], [ 110.403698113999795, -7.746198609999892 ], [ 110.403693891999751, -7.746322416999845 ], [ 110.403700663999771, -7.746379379999864 ], [ 110.403705892999781, -7.746423368999871 ], [ 110.403715001999799, -7.746464792999898 ], [ 110.403728684999763, -7.746527026999877 ], [ 110.403756900999795, -7.746611851999866 ], [ 110.403754926999795, -7.746690008999871 ], [ 110.403787902999824, -7.746873090999858 ], [ 110.403774874999797, -7.747501558999855 ], [ 110.403670174999789, -7.747489570999877 ], [ 110.403613820999809, -7.747485865999899 ], [ 110.403579275999803, -7.747487631999872 ], [ 110.40354108299978, -7.747498457999861 ], [ 110.403510847999783, -7.747526037999858 ], [ 110.403461301999755, -7.747586440999884 ], [ 110.403408588999767, -7.747630924999863 ], [ 110.403361771999784, -7.747663821999867 ], [ 110.403311140999804, -7.747718315999911 ], [ 110.403159279999784, -7.747923391999882 ], [ 110.40309538199979, -7.747979000999892 ], [ 110.402993178999807, -7.748044105999881 ], [ 110.402900536999766, -7.748117178999881 ], [ 110.402858979999792, -7.74816963699987 ], [ 110.402823986999778, -7.748216189999853 ], [ 110.402815739999781, -7.748323841999863 ], [ 110.402838048999811, -7.748407768999846 ], [ 110.402921929999778, -7.748609298999868 ], [ 110.403167435999762, -7.748652708999866 ], [ 110.40314431599981, -7.748781872999853 ], [ 110.403127493999776, -7.748836862999875 ], [ 110.403098482999781, -7.748936010999877 ], [ 110.403076505999763, -7.749028057999899 ], [ 110.403068259999799, -7.749134364999907 ], [ 110.403074867999749, -7.749232615999892 ], [ 110.403112557999833, -7.749295921999863 ], [ 110.403179905999778, -7.749378109999887 ], [ 110.403413209999769, -7.749463221999903 ], [ 110.403436092999783, -7.749502281999903 ], [ 110.403453585999799, -7.749535950999852 ], [ 110.403479204999769, -7.749548098999912 ], [ 110.403514297999791, -7.749540073999906 ], [ 110.403569683999763, -7.749493047999909 ], [ 110.403854352999758, -7.749512287999861 ], [ 110.404238735999797, -7.749516315999851 ], [ 110.404414288999774, -7.749519799999905 ], [ 110.404651731999778, -7.749540318999877 ], [ 110.404913258999798, -7.749568875999877 ], [ 110.405320601999819, -7.749611039999854 ], [ 110.405770109999779, -7.749660309999888 ], [ 110.406115450999792, -7.749711931999892 ], [ 110.406219297999783, -7.749745720999886 ], [ 110.406951729999804, -7.749905544999867 ], [ 110.407026946999792, -7.749346247999862 ], [ 110.407158679999796, -7.749057533999903 ], [ 110.407272316999766, -7.748844158999859 ], [ 110.40736245799981, -7.748707910999865 ], [ 110.407396760999816, -7.748621827999864 ], [ 110.407420287999798, -7.748521373999872 ], [ 110.407469433999779, -7.748112320999871 ], [ 110.407495548999819, -7.747448430999881 ], [ 110.407517456999756, -7.747218779999882 ], [ 110.407684750999763, -7.74722977799988 ], [ 110.407830457999751, -7.747238952999881 ], [ 110.407947381999804, -7.74724808799987 ], [ 110.408073001999767, -7.747261037999904 ], [ 110.408226183999787, -7.747280772999876 ], [ 110.408426925999791, -7.747306087999887 ], [ 110.408669004999766, -7.747352785999882 ], [ 110.40881922099976, -7.74740092099988 ], [ 110.408940024999765, -7.747465685999865 ], [ 110.409126921999757, -7.747609496999853 ], [ 110.409349782999769, -7.747766276999845 ], [ 110.409658647999791, -7.748000694999881 ], [ 110.410438847999785, -7.748587464999884 ], [ 110.410739814999786, -7.748809907999864 ], [ 110.410885311999792, -7.748885234999851 ], [ 110.410984570999801, -7.748919823999848 ], [ 110.411194648999768, -7.748954566999867 ], [ 110.411374502999777, -7.748989267999875 ], [ 110.411724075999757, -7.749103156999899 ], [ 110.411948264999737, -7.749185678999871 ], [ 110.411954951999803, -7.749188139999869 ], [ 110.411962864999794, -7.749191052999862 ], [ 110.412022926999796, -7.749229641999872 ], [ 110.412031277999816, -7.749235006999906 ], [ 110.41211959999977, -7.749291754999873 ], [ 110.412190034999782, -7.749355014999849 ], [ 110.412225951999801, -7.749401000999886 ], [ 110.412261868999806, -7.749446987999844 ], [ 110.412298440999805, -7.749546232999858 ], [ 110.412306727999749, -7.749706556999886 ], [ 110.412281630999772, -7.74980990999988 ], [ 110.412264245999793, -7.749888382999841 ], [ 110.412254521999799, -7.749980268999864 ], [ 110.412294737999787, -7.750047334999908 ], [ 110.412344544999769, -7.750120156999892 ], [ 110.41240201799981, -7.750200647999896 ], [ 110.412424999999772, -7.750238971999896 ], [ 110.412453612999812, -7.750369201999875 ], [ 110.412467600999804, -7.750422524999904 ], [ 110.412472705999804, -7.750441981999859 ], [ 110.412472328999797, -7.75071384999988 ], [ 110.412479029999773, -7.750886925999886 ], [ 110.412481595999793, -7.750953184999876 ], [ 110.412456455999816, -7.751087169999874 ], [ 110.412419718999786, -7.751278575999862 ], [ 110.412384848999764, -7.751508276999893 ], [ 110.412363604999783, -7.75160206199989 ], [ 110.412323116999829, -7.751730282999899 ], [ 110.412299943999756, -7.751829806999906 ], [ 110.412299824999792, -7.751915963999904 ], [ 110.4123092869998, -7.752013619999882 ], [ 110.412332219999783, -7.752086404999869 ], [ 110.412374340999818, -7.752164960999876 ], [ 110.412418406999805, -7.75222437299985 ], [ 110.412491067999795, -7.752299673999884 ], [ 110.412633359999802, -7.752437680999875 ], [ 110.412744479999802, -7.752501119999905 ], [ 110.412867769999778, -7.752571505999923 ], [ 110.413012388999789, -7.752625423999907 ], [ 110.413126698999818, -7.752668042999892 ], [ 110.413333868999771, -7.752725748999892 ], [ 110.413570110999785, -7.752787357999898 ], [ 110.413698660999785, -7.75280284799984 ], [ 110.413975022999765, -7.752782173999862 ], [ 110.414211721999791, -7.75278437799988 ], [ 110.414342641999795, -7.752820445999856 ], [ 110.414466272999803, -7.752923973999876 ], [ 110.414528050999778, -7.753003011999891 ], [ 110.414548043999787, -7.753116444999852 ], [ 110.414543551999785, -7.753242763999869 ], [ 110.414513224999808, -7.753317369999847 ], [ 110.414418153999833, -7.753376094999895 ], [ 110.414314410999808, -7.75346064799986 ], [ 110.414272589999783, -7.753520882999895 ], [ 110.414233610999787, -7.75360695899989 ], [ 110.414211879999755, -7.753710286999863 ], [ 110.414166742999797, -7.754086329999865 ], [ 110.414134823999817, -7.754271466999891 ], [ 110.414113140999802, -7.754340342999887 ], [ 110.414064174999808, -7.754363243999859 ], [ 110.414019563999773, -7.754358874999907 ], [ 110.413943327999803, -7.754327188999908 ], [ 110.413812426999755, -7.754276765999892 ], [ 110.413658507999827, -7.75421913399986 ], [ 110.413447002999774, -7.754172904999887 ], [ 110.413281678999795, -7.754180476999911 ], [ 110.413182082999754, -7.754245751999905 ], [ 110.413120067999799, -7.75433753999986 ], [ 110.413082519999762, -7.754429360999885 ], [ 110.41310523999978, -7.754651896999902 ], [ 110.413115103999772, -7.754804074999915 ], [ 110.413125711999797, -7.755457249999882 ], [ 110.413113983999793, -7.755612268999848 ], [ 110.413129629999787, -7.755745793999879 ], [ 110.413157754999773, -7.755857929999857 ], [ 110.413205659999804, -7.755926772999871 ], [ 110.413270383999759, -7.75595700899985 ], [ 110.413394162999808, -7.755954307999885 ], [ 110.41350362199978, -7.755898474999914 ], [ 110.413703937999827, -7.755710696999852 ], [ 110.413879868999828, -7.755462595999904 ], [ 110.413983803999784, -7.755238797999857 ], [ 110.414048788999779, -7.755080979999877 ], [ 110.414080507999756, -7.755040829999849 ], [ 110.414138119999805, -7.755021583999884 ], [ 110.414395722999757, -7.755028007999877 ], [ 110.414602491999815, -7.755059625999852 ], [ 110.414729517999774, -7.755104884999897 ], [ 110.414825863999809, -7.755165308999882 ], [ 110.414903442999801, -7.75526733699988 ], [ 110.414952229999784, -7.755373632999891 ], [ 110.414976591999789, -7.755449748999912 ], [ 110.414992189999822, -7.755619160999897 ], [ 110.414986193999781, -7.7557914149999 ], [ 110.414978880999811, -7.755876100999875 ], [ 110.414942806999775, -7.755943519999891 ], [ 110.414890874999784, -7.756029579999884 ], [ 110.414841821999829, -7.7561156439999 ], [ 110.414802866999779, -7.756184494999887 ], [ 110.414795521999807, -7.756292148999875 ], [ 110.414843999999789, -7.756360792999864 ], [ 110.414952416999782, -7.756486957999846 ], [ 110.414961658999815, -7.756552124999859 ], [ 110.414977872999785, -7.756635914999875 ], [ 110.415007916999826, -7.756760865999894 ], [ 110.415072140999783, -7.756855228999859 ], [ 110.415174543999797, -7.756971708999882 ], [ 110.415315425999779, -7.757159928999882 ], [ 110.415434206999763, -7.757304359999907 ], [ 110.415543873999766, -7.757481698999842 ], [ 110.415578489999831, -7.757565169999899 ], [ 110.415594653999804, -7.75768619099988 ], [ 110.415601369999777, -7.757890965999851 ], [ 110.415603480999792, -7.75805152499985 ], [ 110.415624258999813, -7.758209781999865 ], [ 110.415669302999802, -7.758400545999891 ], [ 110.415744858999815, -7.758726516999871 ], [ 110.41584008999979, -7.759031470999875 ], [ 110.415923511999793, -7.759267417999912 ], [ 110.416005795999752, -7.759389886999862 ], [ 110.416168451999795, -7.759564618999882 ], [ 110.41629499699981, -7.759675112999881 ], [ 110.416385392999771, -7.759749452999841 ], [ 110.416483785999787, -7.75985790299988 ], [ 110.416519893999819, -7.759924145999864 ], [ 110.416559428999818, -7.760151692999867 ], [ 110.416585743999818, -7.760367181999839 ], [ 110.416606452999773, -7.760576629999878 ], [ 110.416613301999803, -7.760730620999849 ], [ 110.416615110999786, -7.760877049999902 ], [ 110.416604878999749, -7.761005409999866 ], [ 110.416604671999792, -7.761155846999864 ], [ 110.416602254999759, -7.761222411999863 ], [ 110.416438158999767, -7.761166529999897 ], [ 110.416308094999749, -7.761144848999862 ], [ 110.416182667999763, -7.761133855999897 ], [ 110.416175385999821, -7.761497693999879 ], [ 110.416162760999796, -7.761802011999892 ], [ 110.416189297999807, -7.761919215999887 ], [ 110.416233914999808, -7.762016664999911 ], [ 110.41633340999978, -7.76214867899987 ], [ 110.416455227999791, -7.762317244999895 ], [ 110.416548526999819, -7.762516204999853 ], [ 110.416607336999817, -7.762648163999864 ], [ 110.416625635999779, -7.762755162999871 ], [ 110.4166126209998, -7.762823246999878 ], [ 110.416179363999802, -7.763189740999885 ], [ 110.416224121999818, -7.763244267999855 ], [ 110.41622959199978, -7.763277285999868 ], [ 110.416222178999774, -7.763319455999898 ], [ 110.416058260999776, -7.763517293999865 ], [ 110.416037996999762, -7.763544774999887 ], [ 110.415809474999776, -7.763922246999837 ], [ 110.415711612999786, -7.76421920799985 ], [ 110.415366399999769, -7.76417421699987 ], [ 110.414733866999768, -7.76409827799987 ], [ 110.414697514999773, -7.763907511999869 ], [ 110.414583055999799, -7.763918726999911 ], [ 110.414087368999802, -7.763823486999903 ], [ 110.413422841999775, -7.763349838999859 ], [ 110.413307778999766, -7.763346621999884 ], [ 110.412877768999763, -7.763282132999898 ], [ 110.412822822999772, -7.76329828799985 ], [ 110.412556359999783, -7.763285746999847 ], [ 110.411887275999788, -7.763165116999876 ], [ 110.411734760999764, -7.763128385999879 ], [ 110.411618267999771, -7.763497264999885 ], [ 110.411501641999791, -7.763860970999859 ], [ 110.411440473999804, -7.764046934999874 ], [ 110.411362114999818, -7.764219188999884 ], [ 110.410886209999788, -7.764147518999875 ], [ 110.409979372999771, -7.76399229699989 ], [ 110.40835424799981, -7.763701705999867 ], [ 110.407687223999801, -7.763562811999907 ], [ 110.406871051999758, -7.763406125999866 ], [ 110.406264139999806, -7.763289332999863 ], [ 110.406215984999804, -7.76337281199987 ], [ 110.406148534999787, -7.76360198299987 ], [ 110.405945951999811, -7.76445383499986 ], [ 110.405921356999784, -7.764585677999855 ], [ 110.405890581999756, -7.764772292999893 ], [ 110.4058082439998, -7.765462000999863 ], [ 110.405694817999816, -7.766561501999877 ], [ 110.405591908999796, -7.76741349199987 ], [ 110.405454063999798, -7.768517014999861 ], [ 110.405244032999818, -7.770322434999891 ], [ 110.404635814999793, -7.770309409999904 ], [ 110.404629440999784, -7.770502144999888 ], [ 110.404551643999781, -7.770855062999853 ], [ 110.404488287999769, -7.771063949999861 ], [ 110.404458493999755, -7.771232792999881 ], [ 110.404503937999777, -7.771506269999899 ], [ 110.404456867999784, -7.771707063999862 ], [ 110.404450627999793, -7.77180444199988 ], [ 110.404460834999782, -7.771891373999873 ], [ 110.404492971999801, -7.772070285999894 ], [ 110.404515168999751, -7.7721981369999 ], [ 110.404401085999794, -7.772824384999895 ], [ 110.404328186999763, -7.773100898999856 ], [ 110.403380243999791, -7.77286536099987 ], [ 110.402997385999768, -7.772842729999909 ], [ 110.40298443099978, -7.772860491999873 ], [ 110.402815600999759, -7.773363899999859 ], [ 110.402460135999775, -7.773271945999875 ], [ 110.40239192099979, -7.773341928999885 ], [ 110.402293846999783, -7.773459413999865 ], [ 110.402160569999765, -7.773685345999909 ], [ 110.402088983999775, -7.773959145999895 ], [ 110.401974914999784, -7.774066515999871 ], [ 110.401092361999773, -7.7738461519999 ], [ 110.400106774999756, -7.773586741999885 ], [ 110.399626410999758, -7.773471952999881 ], [ 110.399136243999777, -7.773353889999881 ], [ 110.399093256999805, -7.773451752999899 ], [ 110.399023821999791, -7.773642369999879 ], [ 110.398985993999773, -7.773776722999898 ], [ 110.398954284999803, -7.773922772999912 ], [ 110.39892551999975, -7.774104816999894 ], [ 110.39890893399982, -7.77432391399989 ], [ 110.398849495999784, -7.774636278999858 ], [ 110.398808582999791, -7.774796502999874 ], [ 110.398627043999795, -7.7748294229999 ], [ 110.398512123999765, -7.774910249999874 ], [ 110.398455992999814, -7.775104393999857 ], [ 110.398439454999817, -7.775288999999844 ], [ 110.398451186999765, -7.775621753999851 ], [ 110.398483483999769, -7.776048424999866 ], [ 110.398176426999783, -7.776030209999861 ], [ 110.398086130999786, -7.776031772999865 ], [ 110.398018163999765, -7.776007541999854 ], [ 110.397996802999771, -7.775955961999871 ], [ 110.397987997999806, -7.775820717999892 ], [ 110.397978804999781, -7.775701631999869 ], [ 110.397957802999784, -7.775654906999861 ], [ 110.397798807999806, -7.775521599999849 ], [ 110.397593061999771, -7.775341530999909 ], [ 110.397432661999815, -7.775227278999902 ], [ 110.3972728359998, -7.775118146999871 ], [ 110.39711548799977, -7.775052073999889 ], [ 110.396980940999768, -7.775024022999885 ], [ 110.396906661999779, -7.774986720999876 ], [ 110.396828338999811, -7.774930754999881 ], [ 110.396752938999796, -7.774788218999895 ], [ 110.396694595999818, -7.774466971999889 ], [ 110.396652753999788, -7.774355202999893 ], [ 110.396552137999791, -7.774223801999861 ], [ 110.396406639999796, -7.77414819199985 ], [ 110.396219056999797, -7.774131167999862 ], [ 110.395986615999803, -7.774153179999863 ], [ 110.39574861099976, -7.774150047999884 ], [ 110.395580676999771, -7.774099539999874 ], [ 110.395375686999799, -7.774026894999881 ], [ 110.39525336999975, -7.773923368999864 ], [ 110.395196994999765, -7.773819937999905 ], [ 110.395190041999825, -7.773742413999901 ], [ 110.395206661999808, -7.77364848199986 ], [ 110.395291635999811, -7.773514715999897 ], [ 110.395383592999792, -7.773439681999867 ], [ 110.395492007999792, -7.773383462999892 ], [ 110.395690652999804, -7.773285966999859 ], [ 110.395770086999804, -7.77321709699985 ], [ 110.395819073999817, -7.773101520999868 ], [ 110.395822515999811, -7.773018039999877 ], [ 110.395799033999779, -7.772890487999888 ], [ 110.395744305999756, -7.772752445999898 ], [ 110.395681325999774, -7.772695546999874 ], [ 110.39562438999981, -7.772679235999864 ], [ 110.395502324999782, -7.772687176999881 ], [ 110.395329329999754, -7.772745768999856 ], [ 110.395207275999809, -7.772745594999878 ], [ 110.395093431999797, -7.772694709999864 ], [ 110.395003985999807, -7.772651976999881 ], [ 110.394900396999788, -7.772542269999898 ], [ 110.394807083999765, -7.772359535999871 ], [ 110.394565352999805, -7.772119783999845 ], [ 110.394419157999806, -7.771930888999889 ], [ 110.394333944999801, -7.771774542999859 ], [ 110.394224557999792, -7.771451793999898 ], [ 110.394165800999772, -7.771287369999853 ], [ 110.394081364999749, -7.771153549999879 ], [ 110.39391413899979, -7.770881233999877 ], [ 110.393784294999776, -7.770639610999902 ], [ 110.393749918999802, -7.770495510999901 ], [ 110.393589509999813, -7.770290364999854 ], [ 110.393360197999769, -7.769902519999876 ], [ 110.393311548999804, -7.769782745999908 ], [ 110.393344258999775, -7.769669175999896 ], [ 110.393393271999798, -7.769535338999872 ], [ 110.393399593999789, -7.76938318099989 ], [ 110.393375453999795, -7.769194459999871 ], [ 110.393294366999797, -7.76899754299988 ], [ 110.393182694999794, -7.768851303999884 ], [ 110.393052755999804, -7.768676632999853 ], [ 110.392971491999802, -7.768445675999877 ], [ 110.392985197999806, -7.768345602999887 ], [ 110.393083018999803, -7.768221303999873 ], [ 110.393221550999812, -7.768078127999889 ], [ 110.393354743999794, -7.767875428999878 ], [ 110.393392909999761, -7.767740224999893 ], [ 110.393322307999767, -7.767403849999868 ], [ 110.393350507999799, -7.767264253999866 ], [ 110.393423545999781, -7.767099586999895 ], [ 110.393465758999767, -7.766951632999874 ], [ 110.393460482999799, -7.766853321999907 ], [ 110.393395481999818, -7.766788304999906 ], [ 110.393308750999807, -7.766744897999877 ], [ 110.393227533999777, -7.76663927999987 ], [ 110.393184602999781, -7.766314596999876 ], [ 110.393122514999817, -7.766141251999874 ], [ 110.392991084999792, -7.766020975999862 ], [ 110.392848486999753, -7.765878343999852 ], [ 110.392778625999767, -7.765780497999879 ], [ 110.392762010999789, -7.765652008999887 ], [ 110.392759454999805, -7.7654816499999 ], [ 110.392779113999794, -7.765372614999868 ], [ 110.392838950999774, -7.765256376999888 ], [ 110.392923197999778, -7.765140173999862 ], [ 110.393037271999788, -7.765054757999876 ], [ 110.393196958999795, -7.764996338999857 ], [ 110.393379045999779, -7.764937951999899 ], [ 110.393578092999803, -7.764767878999896 ], [ 110.3936834229998, -7.76458940199988 ], [ 110.393728105999813, -7.764490176999885 ], [ 110.393751233999751, -7.764321304999877 ], [ 110.393794275999781, -7.764094638999872 ], [ 110.393906036999809, -7.763823940999877 ], [ 110.393977359999781, -7.76360946599987 ], [ 110.394032282999788, -7.763410439999906 ], [ 110.394076893999809, -7.763232418999899 ], [ 110.394092382999773, -7.763110249999877 ], [ 110.394096741999789, -7.763025719999904 ], [ 110.394127134999806, -7.76294245799987 ], [ 110.394177249999743, -7.762850128999883 ], [ 110.394190496999798, -7.762780356999873 ], [ 110.394154413999786, -7.762703968999901 ], [ 110.394075510999755, -7.762669618999874 ], [ 110.393995423999812, -7.762663798999854 ], [ 110.393941166999753, -7.762642037999887 ], [ 110.393871266999781, -7.762535886999882 ], [ 110.393772317999776, -7.762383579999868 ], [ 110.39371602999978, -7.762270895999885 ], [ 110.393673475999805, -7.762156709999865 ], [ 110.393637035999816, -7.762034924999891 ], [ 110.393576179999783, -7.761916147999864 ], [ 110.393411737999784, -7.761687663999891 ], [ 110.393370589999805, -7.761588678999855 ], [ 110.393361174999797, -7.761457763999875 ], [ 110.393375927999799, -7.761254337999882 ], [ 110.393395667999769, -7.761156620999866 ], [ 110.393384078999759, -7.761116154999896 ], [ 110.393326500999777, -7.76108274799989 ], [ 110.393191967999769, -7.761144282999894 ], [ 110.392984053999783, -7.761284065999909 ], [ 110.392822380999817, -7.761422584999847 ], [ 110.392576193999801, -7.761601853999859 ], [ 110.392520109999793, -7.761635001999851 ], [ 110.392422455999807, -7.761650824999876 ], [ 110.39231993999978, -7.761708147999889 ], [ 110.392292613999771, -7.761789522999882 ], [ 110.39225239599979, -7.761931540999889 ], [ 110.39206680999979, -7.761878595999899 ], [ 110.391834787999784, -7.761841547999873 ], [ 110.391647653999783, -7.762411652999873 ], [ 110.39156248899981, -7.762646195999851 ], [ 110.390759480999833, -7.762327370999889 ], [ 110.389770919999776, -7.761934846999882 ], [ 110.389579178999796, -7.762609094999888 ], [ 110.388976355999773, -7.762332945999894 ], [ 110.388197283999787, -7.761943023999866 ], [ 110.38791905799981, -7.761820302999896 ], [ 110.387703157999809, -7.761701860999871 ], [ 110.387050519999789, -7.761441247999848 ], [ 110.387131396999791, -7.761161995999855 ], [ 110.38702474799976, -7.761125657999886 ], [ 110.387053688999799, -7.761018436999881 ], [ 110.387037126999786, -7.760853641999893 ], [ 110.387132614999757, -7.760655495999898 ], [ 110.387147395999762, -7.760429822999905 ], [ 110.386727195999768, -7.760299914999882 ], [ 110.386881721999785, -7.759684473999864 ], [ 110.38736805699979, -7.759838424999863 ], [ 110.38756307199975, -7.75927253199989 ], [ 110.387664082999777, -7.759089541999889 ], [ 110.388064677999751, -7.759196627999843 ], [ 110.38821863699981, -7.75898187299985 ], [ 110.388269072999776, -7.758959153999893 ], [ 110.388310504999765, -7.758909637999904 ], [ 110.388370400999833, -7.758809684999878 ], [ 110.388426243999788, -7.758702447999867 ], [ 110.38852238699981, -7.758484246999889 ], [ 110.388512110999798, -7.758211786999849 ], [ 110.388522395999772, -7.75804350299988 ], [ 110.388539477999771, -7.757848036999901 ], [ 110.388538572999792, -7.757620108999872 ], [ 110.388545086999798, -7.757543492999893 ], [ 110.388603564999769, -7.756947603999874 ], [ 110.388629627999791, -7.756632627999901 ], [ 110.38867689599978, -7.756411332999886 ], [ 110.388807601999758, -7.756043294999841 ], [ 110.388461402999795, -7.755890256999899 ], [ 110.388269415999787, -7.755838897999915 ], [ 110.387819258999812, -7.755757368999897 ], [ 110.387488613999793, -7.755669624999863 ], [ 110.387000035999804, -7.755594424999896 ], [ 110.38687204199978, -7.755562313999905 ], [ 110.386767386999793, -7.755623888999868 ], [ 110.386694772999775, -7.755664225999902 ], [ 110.386577358999801, -7.755693854999875 ], [ 110.386502653999813, -7.755704389999867 ], [ 110.386391700999766, -7.755693586999864 ], [ 110.38628878399976, -7.755701242999905 ], [ 110.386003970999766, -7.755648151999872 ], [ 110.386187785999766, -7.755038786999852 ], [ 110.385920675999799, -7.754550980999898 ], [ 110.385733396999797, -7.75419738399987 ], [ 110.385856355999763, -7.753286573999883 ], [ 110.38595330399977, -7.752652427999913 ], [ 110.385543735999775, -7.752543285999856 ], [ 110.385774405999783, -7.751950105999911 ], [ 110.38621637799983, -7.752039676999887 ], [ 110.386349413999781, -7.751739883999894 ], [ 110.385482173999776, -7.751339165999898 ], [ 110.385406706999802, -7.751331223999883 ], [ 110.385344539999778, -7.751292221999893 ], [ 110.384808123999804, -7.75102172799988 ], [ 110.384747788999803, -7.751076695999855 ], [ 110.384435744999791, -7.750820031999903 ], [ 110.384267028999801, -7.7506674449999 ], [ 110.384318112999779, -7.750549798999859 ], [ 110.384341338999789, -7.750492126999895 ], [ 110.384383137999777, -7.750392932999866 ], [ 110.384464570999796, -7.750092980999892 ], [ 110.384509897999749, -7.750002526999859 ], [ 110.384589858999803, -7.74987157199988 ], [ 110.384696569999804, -7.749693992999863 ], [ 110.384804663999773, -7.749470497999858 ], [ 110.384900844999791, -7.749262648999871 ], [ 110.385023412999786, -7.749320531999897 ], [ 110.385104956999797, -7.749127535999889 ], [ 110.385220731999766, -7.748898409999913 ], [ 110.385648653999795, -7.749037520999853 ], [ 110.385724499999768, -7.748707866999875 ], [ 110.385776972999793, -7.74853431599988 ], [ 110.386852260999774, -7.748879987999865 ], [ 110.386946844999798, -7.748740494999865 ], [ 110.387090302999766, -7.748513056999896 ], [ 110.386702610999762, -7.748346570999889 ], [ 110.386129014999781, -7.748124154999884 ], [ 110.385597067999768, -7.747906414999847 ], [ 110.385277878999787, -7.747790542999875 ], [ 110.384799074999776, -7.747630582999856 ], [ 110.384271679999756, -7.747465936999871 ], [ 110.384031113999754, -7.7473917269999 ], [ 110.384089290999796, -7.74717022099989 ], [ 110.383443924999781, -7.746970779999892 ], [ 110.38351850699982, -7.746765847999868 ], [ 110.38359033099978, -7.746548584999906 ], [ 110.383660198999792, -7.746243999999857 ], [ 110.383769608999813, -7.745800978999877 ], [ 110.383810215999802, -7.745674351999898 ], [ 110.383848784999785, -7.745571123999905 ], [ 110.383899802999807, -7.745387992999871 ], [ 110.383999979999786, -7.7449287999999 ], [ 110.383720059999803, -7.744863764999848 ], [ 110.383397604999814, -7.74478247099987 ], [ 110.382854903999785, -7.744629382999887 ], [ 110.382749891999779, -7.744627197999852 ], [ 110.382583560999791, -7.744623098999902 ], [ 110.382426976999795, -7.744566925999865 ], [ 110.382301966999776, -7.744527018999902 ], [ 110.381950345999769, -7.74443648899988 ], [ 110.381698091999795, -7.744345886999887 ], [ 110.38156183999979, -7.744248958999865 ], [ 110.381422896999766, -7.744187374999899 ], [ 110.381153605999799, -7.744056541999886 ], [ 110.381054612999776, -7.744001058999888 ], [ 110.38100393399975, -7.743961570999866 ], [ 110.381035356999817, -7.743867499999902 ], [ 110.38106028999978, -7.743756351999859 ], [ 110.381066858999773, -7.743589862999873 ], [ 110.3810721669998, -7.743532540999906 ], [ 110.381080327999783, -7.743311052999888 ], [ 110.381088900999785, -7.743246798999894 ], [ 110.381145180999795, -7.7428731779999 ], [ 110.381179542999817, -7.742666301999896 ], [ 110.381198283999765, -7.742555145999882 ], [ 110.381235628999789, -7.742425484999888 ], [ 110.38128778799981, -7.742225015999883 ], [ 110.381333504999759, -7.742136414999872 ], [ 110.381366233999771, -7.742032067999859 ], [ 110.381542425999797, -7.741955591999884 ], [ 110.381739135999808, -7.741877440999842 ], [ 110.381855465999763, -7.741821337999892 ], [ 110.381911971999784, -7.741758328999859 ], [ 110.381935999999783, -7.741693567999889 ], [ 110.381925784999794, -7.741664566999845 ], [ 110.3818643259998, -7.741606501999878 ], [ 110.381770453999792, -7.741502350999871 ], [ 110.381729520999798, -7.741437495999858 ], [ 110.381702291999801, -7.741352197999902 ], [ 110.381702445999792, -7.741246478999843 ], [ 110.381745419999802, -7.741084550999887 ], [ 110.381781446999767, -7.7409976409999 ], [ 110.381831248999788, -7.740842542999856 ], [ 110.381862211999774, -7.740711291999881 ], [ 110.381884601999801, -7.740597077999867 ], [ 110.381886442999772, -7.740506707999863 ], [ 110.381879745999768, -7.740409504999869 ], [ 110.381890122999778, -7.740327671999887 ], [ 110.381917604999813, -7.740239043999888 ], [ 110.381975844999801, -7.740158984999866 ], [ 110.382117888999801, -7.740053470999878 ], [ 110.382270144999794, -7.739978664999891 ], [ 110.382434312999763, -7.739941389999883 ], [ 110.382781412999819, -7.739895852999878 ], [ 110.383056722999768, -7.739843391999891 ], [ 110.383239704999781, -7.739799321999886 ], [ 110.383301311999816, -7.739755076999868 ], [ 110.383350981999797, -7.739690352999891 ], [ 110.383366510999807, -7.739591475999839 ], [ 110.383335379999792, -7.739418547999863 ], [ 110.383303639999781, -7.739300277999894 ], [ 110.383294697999759, -7.739179766999869 ], [ 110.383308466999793, -7.739116126999858 ], [ 110.383363276999788, -7.73904345399987 ], [ 110.383500308999785, -7.738857220999853 ], [ 110.383694222999807, -7.738741549999847 ], [ 110.383881148999777, -7.738728178999874 ], [ 110.384020152999796, -7.738753388999872 ], [ 110.38426393499978, -7.73882876799989 ], [ 110.384391555999812, -7.738844866999871 ], [ 110.384469083999761, -7.738824516999873 ], [ 110.384548989999772, -7.738735963999869 ], [ 110.384590284999803, -7.738551865999889 ], [ 110.384585906999817, -7.738426814999903 ], [ 110.384574869999767, -7.73817898399987 ], [ 110.384575153999805, -7.73798345899989 ], [ 110.384602682999798, -7.737860726999853 ], [ 110.384680457999778, -7.737669861999876 ], [ 110.384812973999786, -7.73745406599987 ], [ 110.385032412999777, -7.737024682999885 ], [ 110.385180975999802, -7.736745251999864 ], [ 110.385425177999778, -7.736529616999896 ], [ 110.385527945999812, -7.73639335199986 ], [ 110.385560072999809, -7.736243343999857 ], [ 110.38555580699979, -7.73604099199989 ], [ 110.385546887999794, -7.735904566999912 ], [ 110.385517502999804, -7.735734008999851 ], [ 110.38545618799975, -7.73557704599986 ], [ 110.385372102999781, -7.735404135999877 ], [ 110.385354002999819, -7.735310894999855 ], [ 110.385354134999787, -7.735219952999866 ], [ 110.385365622999757, -7.735156309999899 ], [ 110.38541209899978, -7.735096927999876 ], [ 110.385500258999798, -7.735078865999914 ], [ 110.38561268399981, -7.735094184999909 ], [ 110.385737208999799, -7.7351489299999 ], [ 110.385807011999759, -7.735215720999912 ], [ 110.385882953999783, -7.73524008099991 ], [ 110.385974118999812, -7.735246274999866 ], [ 110.386016700999804, -7.735222084999894 ], [ 110.386057710999751, -7.73519295599986 ], [ 110.386081036999784, -7.73528262699986 ], [ 110.386135691999769, -7.735405765999849 ], [ 110.3861684809998, -7.735482383999904 ], [ 110.38618206699978, -7.735567177999867 ], [ 110.386188440999774, -7.735662217999883 ], [ 110.386206783999796, -7.735775049999886 ], [ 110.386208664999828, -7.735896061999868 ], [ 110.386214602999786, -7.73605604899987 ], [ 110.386222708999767, -7.736138100999854 ], [ 110.386218447999809, -7.736240645999866 ], [ 110.386205920999799, -7.736371891999895 ], [ 110.386199558999763, -7.736505198999875 ], [ 110.386290039999793, -7.736501226999883 ], [ 110.386341439999825, -7.736505402999885 ], [ 110.386386647999771, -7.736525977999901 ], [ 110.386442017999826, -7.736628607999839 ], [ 110.386491168999783, -7.736766095999858 ], [ 110.386560837999781, -7.736934378999858 ], [ 110.3866510229998, -7.737135507999863 ], [ 110.386716756999789, -7.737180723999847 ], [ 110.387074284999755, -7.737359675999855 ], [ 110.387166723999783, -7.737423389999868 ], [ 110.387193407999817, -7.73745624499988 ], [ 110.387220047999818, -7.737519863999903 ], [ 110.387279370999764, -7.737733253999902 ], [ 110.387342850999829, -7.737915885999877 ], [ 110.387355113999803, -7.73796717899987 ], [ 110.387363270999813, -7.738014363999898 ], [ 110.387357037999791, -7.738059475999854 ], [ 110.387321915999792, -7.738174281999864 ], [ 110.387488207999766, -7.738357060999841 ], [ 110.3875867779998, -7.738447446999862 ], [ 110.387658609999804, -7.738541895999892 ], [ 110.387693465999831, -7.738611680999874 ], [ 110.387750836999786, -7.738753282999862 ], [ 110.387742329999753, -7.738948116999884 ], [ 110.387756646999776, -7.739001463999865 ], [ 110.387826450999796, -7.739077450999875 ], [ 110.387867521999794, -7.739114427999852 ], [ 110.387885986999791, -7.739143168999864 ], [ 110.387908540999788, -7.73918832299988 ], [ 110.387933073999776, -7.739286806999849 ], [ 110.387957594999747, -7.739393494999851 ], [ 110.387980118999792, -7.739459159999874 ], [ 110.388012944999787, -7.73951048199988 ], [ 110.388031400999765, -7.739545375999889 ], [ 110.3880663019998, -7.739584394999888 ], [ 110.388125864999793, -7.739631653999853 ], [ 110.388166956999783, -7.739654272999843 ], [ 110.388201865999832, -7.73968713999987 ], [ 110.388222383999818, -7.739717933999869 ], [ 110.388259172999781, -7.739798863999892 ], [ 110.388282945999791, -7.739868063999869 ], [ 110.388289941999815, -7.7399251829999 ], [ 110.388277550999774, -7.739962082999894 ], [ 110.388244085999759, -7.740013141999879 ], [ 110.388256505999777, -7.740072120999885 ], [ 110.38829172699981, -7.740113878999908 ], [ 110.388326632999792, -7.740148795999899 ], [ 110.388384162999799, -7.740179642999907 ], [ 110.388410873999774, -7.740194038999886 ], [ 110.388427267999759, -7.740233030999859 ], [ 110.388457750999763, -7.740308630999873 ], [ 110.388498495999798, -7.740432657999886 ], [ 110.388537774999818, -7.740521911999882 ], [ 110.388604234999775, -7.740682259999891 ], [ 110.388658555999783, -7.740851660999891 ], [ 110.388735630999818, -7.741007487999912 ], [ 110.38876532699976, -7.741082633999875 ], [ 110.388804239999786, -7.741191392999862 ], [ 110.388818494999782, -7.741287810999879 ], [ 110.388830631999781, -7.741427297999901 ], [ 110.388836476999771, -7.741497461999848 ], [ 110.38888189499977, -7.74153381099987 ], [ 110.3889803739998, -7.741562675999848 ], [ 110.389075843999791, -7.741574907999888 ], [ 110.38915462999978, -7.741596185999893 ], [ 110.389231837999773, -7.74165979199987 ], [ 110.389319660999774, -7.741720390999872 ], [ 110.38939229499978, -7.741803644999868 ], [ 110.38950275499981, -7.741932307999866 ], [ 110.389633667999775, -7.74209707599986 ], [ 110.389649993999811, -7.742183241999875 ], [ 110.389645789999804, -7.742246817999875 ], [ 110.389601515999829, -7.742390025999878 ], [ 110.389532314999784, -7.742511235999844 ], [ 110.389466271999765, -7.742679323999852 ], [ 110.389464115999772, -7.742749054999865 ], [ 110.389482720999752, -7.742785951999885 ], [ 110.389543354999788, -7.742781502999869 ], [ 110.389631280999794, -7.742771046999891 ], [ 110.3896721939998, -7.742778663999871 ], [ 110.389700971999801, -7.742792310999873 ], [ 110.389703898999741, -7.742864882999907 ], [ 110.389680987999796, -7.742987306999876 ], [ 110.38965358999981, -7.743067394999889 ], [ 110.38961594499979, -7.743169415999873 ], [ 110.38959411199977, -7.74322826199987 ], [ 110.389586548999787, -7.743310699999869 ], [ 110.389621270999797, -7.743407506999907 ], [ 110.389669672999787, -7.743477118999897 ], [ 110.389722696999812, -7.743495336999871 ], [ 110.389857603999758, -7.743487970999897 ], [ 110.38996032699977, -7.743482526999899 ], [ 110.390026796999805, -7.743374943999903 ], [ 110.390083839999789, -7.743387331999875 ], [ 110.390116206999807, -7.743401222999901 ], [ 110.390143919999801, -7.74343356499991 ], [ 110.390146952999771, -7.743468949999898 ], [ 110.390136331999784, -7.743508788999899 ], [ 110.390127182999791, -7.743546571999885 ], [ 110.39014230999976, -7.743567757999855 ], [ 110.390175632999799, -7.743582924999866 ], [ 110.390230178999801, -7.743596607999889 ], [ 110.390292292999803, -7.74361786299986 ], [ 110.390328627999807, -7.743646639999873 ], [ 110.390354821999779, -7.743698446999846 ], [ 110.390360956999757, -7.743721529999875 ], [ 110.390357841999801, -7.743743060999896 ], [ 110.390334662999749, -7.743775330999865 ], [ 110.390314558999791, -7.743813758999902 ], [ 110.390308332999794, -7.74385374499988 ], [ 110.390319067999783, -7.743895292999904 ], [ 110.390367561999767, -7.743976270999879 ], [ 110.390394764999769, -7.744032246999881 ], [ 110.390470407999771, -7.744130622999854 ], [ 110.390441953999755, -7.744236961999874 ], [ 110.390486111999806, -7.744271163999883 ], [ 110.390541593999799, -7.744297393999856 ], [ 110.390641787999755, -7.744331378999873 ], [ 110.390686846999756, -7.744344098999842 ], [ 110.39067086599978, -7.744488321999862 ], [ 110.390757184999785, -7.744519210999868 ], [ 110.390855843999759, -7.744548578999906 ], [ 110.390945685999796, -7.744584847999861 ], [ 110.391041185999796, -7.744577424999856 ], [ 110.391218575999815, -7.744541394999868 ], [ 110.391347387999787, -7.744556696999882 ], [ 110.391550456999767, -7.744581175999859 ], [ 110.391617102999774, -7.744613018999859 ], [ 110.391770062999825, -7.744700922999851 ], [ 110.391876033999807, -7.744790271999861 ], [ 110.391935085999762, -7.744832686999847 ], [ 110.392022914999785, -7.744890260999878 ], [ 110.392074378999794, -7.744938712999865 ], [ 110.392110679999803, -7.744991677999892 ], [ 110.392133340999749, -7.745043111999888 ], [ 110.392175583999801, -7.745180747999854 ], [ 110.39219063899975, -7.745251824999879 ], [ 110.392216325999769, -7.745307798999868 ], [ 110.392248106999773, -7.745342615999894 ], [ 110.392298102999831, -7.745357804999895 ], [ 110.392346630999796, -7.745339731999852 ], [ 110.392383048999761, -7.745311059999867 ], [ 110.392440710999807, -7.74526578699985 ], [ 110.392483167999785, -7.745253752999858 ], [ 110.392531214999806, -7.745257029999864 ], [ 110.392566685999796, -7.745257080999899 ], [ 110.392605247999768, -7.745252520999865 ], [ 110.39263147899976, -7.745243328999879 ], [ 110.392650004999794, -7.745229509999859 ], [ 110.392684851999775, -7.745187520999851 ], [ 110.3927214429998, -7.745037903999893 ], [ 110.392744331999779, -7.744930596999867 ], [ 110.392854965999788, -7.744939824999886 ], [ 110.392974710999809, -7.744936971999865 ], [ 110.393067163999788, -7.74494012699987 ], [ 110.393115668999769, -7.744938684999886 ], [ 110.393241114999825, -7.744921162999892 ], [ 110.393327489999763, -7.74491359499987 ], [ 110.393355215999833, -7.744936707999886 ], [ 110.39339374899977, -7.744952145999878 ], [ 110.393426368999769, -7.744952732999853 ], [ 110.393461615999811, -7.744946088999869 ], [ 110.393534119999799, -7.744932346999894 ], [ 110.393635558999804, -7.744936400999888 ], [ 110.393750754999758, -7.744935053999859 ], [ 110.39381291399981, -7.744924558999901 ], [ 110.393955158999816, -7.74490366999984 ], [ 110.394005095999788, -7.744959678999916 ], [ 110.394064128999787, -7.745015699999889 ], [ 110.394133810999804, -7.745044522999872 ], [ 110.394202003999808, -7.74505369099989 ], [ 110.394288677999782, -7.745041644999893 ], [ 110.394399376999786, -7.745005518999873 ], [ 110.394510262999816, -7.744987574999834 ], [ 110.394576579999764, -7.7449861299999 ], [ 110.394621275999782, -7.745006190999888 ], [ 110.394682703999763, -7.745083023999868 ], [ 110.394752180999788, -7.745253957999907 ], [ 110.394779285999803, -7.745379476999884 ], [ 110.394802323999812, -7.745630291999849 ], [ 110.394802190999769, -7.745723506999887 ], [ 110.394789400999798, -7.74589610399986 ], [ 110.394696777999812, -7.746116680999855 ], [ 110.394600656999799, -7.746387096999877 ], [ 110.394570200999809, -7.746552761999888 ], [ 110.394577589999756, -7.746685811999877 ], [ 110.394609229999801, -7.746818896999884 ], [ 110.394666560999809, -7.747004931999903 ], [ 110.394770673999815, -7.747334655999888 ], [ 110.394874843999787, -7.747625073999858 ], [ 110.394950422999798, -7.747770314999888 ], [ 110.395044161999763, -7.747935236999898 ], [ 110.395084904999763, -7.748062286999831 ], [ 110.395111993999777, -7.748198389999894 ], [ 110.395137590999767, -7.748317858999856 ], [ 110.395182852999781, -7.748464568999882 ], [ 110.39522963899978, -7.74860523499988 ], [ 110.395261259999771, -7.748751925999879 ], [ 110.395269398999815, -7.748896661999854 ], [ 110.395254062999769, -7.749022120999872 ], [ 110.395226639999763, -7.749120350999854 ], [ 110.395184682999798, -7.749232132999889 ], [ 110.395116190999786, -7.749309335999877 ], [ 110.394913182999815, -7.749406809999839 ], [ 110.394584894999753, -7.749442720999894 ], [ 110.394450393999776, -7.749453896999894 ], [ 110.394350056999798, -7.749483310999876 ], [ 110.394297535999812, -7.749549168999895 ], [ 110.394265501999797, -7.749635517999856 ], [ 110.39425424299975, -7.749811716999862 ], [ 110.39427786399979, -7.750252529999882 ], [ 110.394288335999761, -7.750467557999901 ], [ 110.394270622999798, -7.750835957999841 ], [ 110.39422193799976, -7.751113020999902 ], [ 110.394575620999788, -7.751147866999852 ], [ 110.395198329999829, -7.751230989999879 ], [ 110.39604838299978, -7.751315983999882 ], [ 110.39705805299981, -7.751402904999887 ], [ 110.397142988999832, -7.750891067999864 ], [ 110.397192036999797, -7.75050814299985 ], [ 110.397257369999778, -7.750042595999886 ], [ 110.397009381999823, -7.749626998999853 ], [ 110.396821906999776, -7.749294132999901 ], [ 110.396614220999766, -7.748961238999843 ], [ 110.396659296999758, -7.748529929999891 ], [ 110.396681713999797, -7.748398937999895 ], [ 110.396748691999804, -7.748197457999865 ], [ 110.396789354999797, -7.748026174999872 ], [ 110.396888879999807, -7.74767557399991 ], [ 110.396905616999788, -7.747574064999894 ], [ 110.396919446999789, -7.747498230999868 ], [ 110.396903456999794, -7.747373230999849 ], [ 110.396875286999787, -7.747286512999867 ], [ 110.396768412999791, -7.747121070999916 ], [ 110.396657517999756, -7.746939494999862 ], [ 110.39665143699979, -7.746791604999865 ], [ 110.396700597999768, -7.74649004199987 ], [ 110.396798543999765, -7.745829011999872 ], [ 110.396842519999794, -7.745597487999865 ], [ 110.396890090999776, -7.745403816999877 ], [ 110.396955283999773, -7.74523858599989 ], [ 110.397017063999783, -7.7450715669999 ], [ 110.397071967999764, -7.744931821999888 ], [ 110.39711663999978, -7.744775009999888 ], [ 110.397118419999813, -7.744725562999897 ], [ 110.397140776999791, -7.74463181099989 ], [ 110.397180244999802, -7.744527851999893 ], [ 110.397214640999778, -7.744458575999861 ], [ 110.397269377999763, -7.74436087199989 ], [ 110.397334459999811, -7.74427741199989 ], [ 110.397449844999755, -7.744310469999868 ], [ 110.39754408899978, -7.744002974999864 ], [ 110.39746591299982, -7.743882443999887 ], [ 110.397437589999754, -7.743885369999856 ], [ 110.397419680999803, -7.743878534999874 ], [ 110.397412000999793, -7.743860587999888 ], [ 110.397408231999805, -7.743801653999911 ], [ 110.397205515999772, -7.743586638999867 ], [ 110.397109401999799, -7.743498894999894 ], [ 110.397096585999805, -7.743479660999904 ], [ 110.397100462999788, -7.74346301199986 ], [ 110.397145933999752, -7.743409217999887 ], [ 110.397195614999774, -7.743335965999879 ], [ 110.397134139999764, -7.743263210999878 ], [ 110.397102119999786, -7.743200391999876 ], [ 110.397067594999797, -7.743092732999883 ], [ 110.397052344999807, -7.742978694999911 ], [ 110.397051125999795, -7.742932573999874 ], [ 110.397058926999776, -7.742865968999916 ], [ 110.397106553999791, -7.742791733999901 ], [ 110.397176020999794, -7.742687977999872 ], [ 110.397205177999766, -7.742621516999885 ], [ 110.397244554999773, -7.742388386999874 ], [ 110.397322913999801, -7.742379530999837 ], [ 110.397351326999797, -7.74226939799988 ], [ 110.397373452999787, -7.742099975999887 ], [ 110.397386423999762, -7.741974797999866 ], [ 110.397367266999765, -7.741897905999894 ], [ 110.397351967999796, -7.7418184569999 ], [ 110.39733534699981, -7.74176462799987 ], [ 110.397303303999777, -7.741718463999899 ], [ 110.397296986999777, -7.741644151999846 ], [ 110.397317623999754, -7.741582688999853 ], [ 110.397311269999776, -7.741535279999862 ], [ 110.397281795999803, -7.741489118999871 ], [ 110.397249366999802, -7.741445515999872 ], [ 110.397151385999805, -7.741304173999858 ], [ 110.397058476999817, -7.741194089999885 ], [ 110.397035233999759, -7.74109448199987 ], [ 110.397012475999773, -7.74104206799989 ], [ 110.396955483999761, -7.740978217999868 ], [ 110.396900822999811, -7.740880207999907 ], [ 110.396848546999777, -7.740711600999844 ], [ 110.396821288999774, -7.740611352999889 ], [ 110.396794151999757, -7.740426838999889 ], [ 110.396789946999775, -7.740171754999865 ], [ 110.396810648999832, -7.740064742999862 ], [ 110.396813052999789, -7.739980478999861 ], [ 110.396790416999764, -7.739841520999875 ], [ 110.396760899999791, -7.739725327999889 ], [ 110.39675643299978, -7.739654718999859 ], [ 110.396763396999802, -7.739575016999859 ], [ 110.396786335999778, -7.739499892999872 ], [ 110.396820718999791, -7.739406564999882 ], [ 110.396836895999826, -7.739269937999866 ], [ 110.396841633999784, -7.739149238999888 ], [ 110.396755133999761, -7.738962362999853 ], [ 110.396769247999785, -7.738670864999884 ], [ 110.396782680999792, -7.738557721999864 ], [ 110.396836825999813, -7.738415597999899 ], [ 110.396935988999772, -7.738227419999854 ], [ 110.396966984999793, -7.738107040999905 ], [ 110.397012120999776, -7.737977715999867 ], [ 110.397046871999748, -7.737925239999906 ], [ 110.3970740729998, -7.737763861999873 ], [ 110.397211921999769, -7.737466845999874 ], [ 110.397316198999761, -7.737294046999895 ], [ 110.397421730999795, -7.737143027999852 ], [ 110.397470637999803, -7.737071355999872 ], [ 110.397509308999773, -7.736972767999844 ], [ 110.397581325999809, -7.736907533999899 ], [ 110.397627608999755, -7.736874290999852 ], [ 110.397671265999804, -7.736882038999896 ], [ 110.397734358999799, -7.736769392999902 ], [ 110.397754962999784, -7.736730988999897 ], [ 110.39780002099981, -7.736656749999871 ], [ 110.397807790999778, -7.736611922999871 ], [ 110.397825835999754, -7.736567110999861 ], [ 110.397900508999783, -7.736439107999881 ], [ 110.398051023999756, -7.736266372999897 ], [ 110.398061397999754, -7.736195928999896 ], [ 110.398052331999793, -7.736148800999897 ], [ 110.398011300999769, -7.736100914999876 ], [ 110.397944760999806, -7.736048432999868 ], [ 110.397890140999792, -7.73601536899989 ], [ 110.397964707999805, -7.735993713999868 ], [ 110.398022966999818, -7.735933955999852 ], [ 110.398084921999796, -7.735832496999867 ], [ 110.398128762999775, -7.73584718699985 ], [ 110.398195881999769, -7.735787319999858 ], [ 110.398275420999767, -7.735677009999892 ], [ 110.398306037999774, -7.735677791999854 ], [ 110.398410573999811, -7.735560256999897 ], [ 110.398453775999783, -7.735494687999886 ], [ 110.398507914999755, -7.735355927999854 ], [ 110.398677154999817, -7.735100900999868 ], [ 110.39884700999977, -7.734873960999874 ], [ 110.399004355999764, -7.73456722899987 ], [ 110.399038757999804, -7.734460235999883 ], [ 110.399095909999829, -7.734410210999869 ], [ 110.399171412999749, -7.734300997999896 ], [ 110.399203549999783, -7.734180336999855 ], [ 110.39920834199981, -7.734020919999913 ], [ 110.399290903999784, -7.733763680999886 ], [ 110.399515025999804, -7.733309276999849 ], [ 110.399571657999786, -7.733223950999883 ], [ 110.399624842999799, -7.733153993999895 ], [ 110.399719203999794, -7.733029433999874 ], [ 110.399813595999774, -7.73288266899986 ], [ 110.399892593999795, -7.732723924999889 ], [ 110.399920271999804, -7.732525823999861 ], [ 110.399945849999767, -7.732104279999859 ], [ 110.399964447999778, -7.731847394999851 ], [ 110.400046521999798, -7.731833868999887 ], [ 110.400176491999801, -7.731799947999869 ], [ 110.400265426999809, -7.731770516999886 ], [ 110.400427056999774, -7.731385515999857 ], [ 110.400541193999814, -7.731403895999896 ] ] ] } }
]
}
