{
"type": "FeatureCollection",
"name": "jalan",
"crs": { "type": "name", "properties": { "name": "urn:ogc:def:crs:OGC:1.3:CRS84" } },
"features": [
{ "type": "Feature", "properties": { "nama_jalan": "Karangnongko-Seturan", "kelas_jalan": 0.0, "lebar_jalan": 0.0 }, "geometry": { "type": "LineString", "coordinates": [ [ 110.409317396798912, -7.772366119583875 ], [ 110.409329938742545, -7.772373002320608 ], [ 110.409665415783067, -7.772422213201411 ], [ 110.40999407472647, -7.772502656428238 ], [ 110.410209086267884, -7.77255940604431 ], [ 110.411081574794281, -7.772753319845128 ], [ 110.411473646372229, -7.772846617167303 ], [ 110.411683331358944, -7.772899974877602 ], [ 110.411848004427284, -7.772941884075946 ], [ 110.411994750656476, -7.772940820928985 ], [ 110.412355647869447, -7.772867755864349 ], [ 110.412485495427106, -7.772805577947424 ], [ 110.412542822600912, -7.772731360041512 ], [ 110.412795823184084, -7.772410931216747 ], [ 110.412806528994381, -7.772362138163491 ], [ 110.412912299885619, -7.771906957556117 ], [ 110.413005549811885, -7.771415861036765 ], [ 110.413141390033203, -7.77085053423251 ], [ 110.413168521439047, -7.770690145267137 ], [ 110.413205987310917, -7.770421075392513 ], [ 110.413425821989506, -7.769347416899838 ], [ 110.413523496617486, -7.768869748394183 ], [ 110.41377310255713, -7.767920528266878 ], [ 110.413859838270568, -7.767855649124546 ], [ 110.413972307561664, -7.767844108780955 ], [ 110.415028826074774, -7.767855930047278 ], [ 110.415141314899259, -7.767851896932332 ], [ 110.415584987823777, -7.767850417800089 ], [ 110.416449814188624, -7.767862884566653 ], [ 110.416728087811421, -7.767907806019351 ], [ 110.416773197889299, -7.76792085683162 ], [ 110.416994652151971, -7.767993142370605 ], [ 110.417059687250472, -7.768019001353232 ], [ 110.41715459659072, -7.768042784720202 ], [ 110.41726941125394, -7.768048269784378 ], [ 110.417335613411709, -7.768057125350135 ], [ 110.417671878031527, -7.768111848387641 ], [ 110.41805325442661, -7.768151509362704 ], [ 110.418210546030409, -7.768165835228106 ], [ 110.41853831266458, -7.768215063663812 ], [ 110.418608612683911, -7.768222286555416 ], [ 110.418709079079193, -7.768229995721378 ], [ 110.419433156442196, -7.768301095755367 ], [ 110.419487638379266, -7.768305023435374 ], [ 110.419651674121539, -7.768340930798152 ], [ 110.419654313115203, -7.768340988673112 ], [ 110.419793767111727, -7.768433286396675 ], [ 110.419904638087303, -7.768556913831199 ], [ 110.419969553897104, -7.768926381438764 ], [ 110.420006593449017, -7.769077107003093 ], [ 110.42003272703154, -7.769317445702431 ], [ 110.420058243583938, -7.769552095933261 ], [ 110.420142375038537, -7.769738452405107 ], [ 110.420236232331405, -7.769855270847092 ], [ 110.420416842269006, -7.770053951840353 ], [ 110.420524353867435, -7.770199988581809 ], [ 110.420692851095907, -7.770349997894723 ], [ 110.420715071564643, -7.770374812051671 ], [ 110.420753448268329, -7.770417665377413 ], [ 110.420823750326775, -7.770444228390648 ], [ 110.421288594433221, -7.770463259748694 ], [ 110.421914246621199, -7.770489872227588 ], [ 110.422928295256298, -7.770534694883382 ], [ 110.423401045322848, -7.770561613058685 ], [ 110.423854192171419, -7.77063819941402 ], [ 110.42388466206144, -7.770646370566634 ] ] } },
{ "type": "Feature", "properties": { "nama_jalan": null, "kelas_jalan": 0.0, "lebar_jalan": 0.0 }, "geometry": { "type": "LineString", "coordinates": [ [ 110.409317396798912, -7.772366119583875 ], [ 110.409329938742545, -7.772373002320608 ], [ 110.409665415783067, -7.772422213201411 ], [ 110.40999407472647, -7.772502656428238 ], [ 110.410209086267884, -7.77255940604431 ], [ 110.411081574794281, -7.772753319845128 ], [ 110.411473646372229, -7.772846617167303 ], [ 110.411683331358944, -7.772899974877602 ], [ 110.411848004427284, -7.772941884075946 ], [ 110.411994750656476, -7.772940820928985 ], [ 110.412355647869447, -7.772867755864349 ], [ 110.412485495427106, -7.772805577947424 ], [ 110.412542822600912, -7.772731360041512 ], [ 110.412795823184084, -7.772410931216747 ], [ 110.412806528994381, -7.772362138163491 ], [ 110.412912299885619, -7.771906957556117 ], [ 110.413005549811885, -7.771415861036765 ], [ 110.413141390033203, -7.77085053423251 ], [ 110.413168521439047, -7.770690145267137 ], [ 110.413205987310917, -7.770421075392513 ], [ 110.413425821989506, -7.769347416899838 ], [ 110.413523496617486, -7.768869748394183 ], [ 110.41377310255713, -7.767920528266878 ], [ 110.413859838270568, -7.767855649124546 ], [ 110.413972307561664, -7.767844108780955 ], [ 110.415028826074774, -7.767855930047278 ], [ 110.415141314899259, -7.767851896932332 ], [ 110.415584987823777, -7.767850417800089 ], [ 110.416449814188624, -7.767862884566653 ], [ 110.416728087811421, -7.767907806019351 ], [ 110.416773197889299, -7.76792085683162 ], [ 110.416994652151971, -7.767993142370605 ], [ 110.417059687250472, -7.768019001353232 ], [ 110.41715459659072, -7.768042784720202 ], [ 110.41726941125394, -7.768048269784378 ], [ 110.417335613411709, -7.768057125350135 ], [ 110.417671878031527, -7.768111848387641 ], [ 110.41805325442661, -7.768151509362704 ], [ 110.418210546030409, -7.768165835228106 ], [ 110.41853831266458, -7.768215063663812 ], [ 110.418608612683911, -7.768222286555416 ], [ 110.418709079079193, -7.768229995721378 ], [ 110.419433156442196, -7.768301095755367 ], [ 110.419487638379266, -7.768305023435374 ], [ 110.419651674121539, -7.768340930798152 ], [ 110.419654313115203, -7.768340988673112 ], [ 110.419793767111727, -7.768433286396675 ], [ 110.419904638087303, -7.768556913831199 ], [ 110.419969553897104, -7.768926381438764 ], [ 110.420006593449017, -7.769077107003093 ], [ 110.42003272703154, -7.769317445702431 ], [ 110.420058243583938, -7.769552095933261 ], [ 110.420142375038537, -7.769738452405107 ], [ 110.420236232331405, -7.769855270847092 ], [ 110.420416842269006, -7.770053951840353 ], [ 110.420524353867435, -7.770199988581809 ], [ 110.420692851095907, -7.770349997894723 ], [ 110.420715071564643, -7.770374812051671 ], [ 110.420753448268329, -7.770417665377413 ], [ 110.420823750326775, -7.770444228390648 ], [ 110.421288594433221, -7.770463259748694 ], [ 110.421914246621199, -7.770489872227588 ], [ 110.422928295256298, -7.770534694883382 ], [ 110.423401045322848, -7.770561613058685 ], [ 110.423854192171419, -7.77063819941402 ], [ 110.42388466206144, -7.770646370566634 ] ] } },
{ "type": "Feature", "properties": { "nama_jalan": "Maguwo-Karangnongko", "kelas_jalan": 0.0, "lebar_jalan": 0.0 }, "geometry": { "type": "LineString", "coordinates": [ [ 110.431119311593449, -7.770067924786034 ], [ 110.430824470171785, -7.770072537360616 ], [ 110.430416412183945, -7.770078920083569 ], [ 110.429964108675151, -7.770095719228708 ], [ 110.429419520237516, -7.77011338442284 ], [ 110.428891008820713, -7.770112674362664 ], [ 110.428834845027609, -7.770567809367926 ], [ 110.428140201824974, -7.770598636334341 ], [ 110.426331905963337, -7.770692872888355 ], [ 110.425824091173581, -7.770709066177079 ], [ 110.425796166043, -7.770709544013802 ], [ 110.425343623429384, -7.770682382648613 ], [ 110.425087041652006, -7.770668777053712 ], [ 110.424649433172902, -7.770641609836955 ], [ 110.424446740100691, -7.770635691089475 ], [ 110.423924036188126, -7.770629736449423 ], [ 110.42388466206144, -7.770646370566634 ] ] } },
{ "type": "Feature", "properties": { "nama_jalan": null, "kelas_jalan": 0.0, "lebar_jalan": 0.0 }, "geometry": { "type": "LineString", "coordinates": [ [ 110.431119311593449, -7.770067924786034 ], [ 110.430824470171785, -7.770072537360616 ], [ 110.430416412183945, -7.770078920083569 ], [ 110.429964108675151, -7.770095719228708 ], [ 110.429419520237516, -7.77011338442284 ], [ 110.428891008820713, -7.770112674362664 ], [ 110.428834845027609, -7.770567809367926 ], [ 110.428140201824974, -7.770598636334341 ], [ 110.426331905963337, -7.770692872888355 ], [ 110.425824091173581, -7.770709066177079 ], [ 110.425796166043, -7.770709544013802 ], [ 110.425343623429384, -7.770682382648613 ], [ 110.425087041652006, -7.770668777053712 ], [ 110.424649433172902, -7.770641609836955 ], [ 110.424446740100691, -7.770635691089475 ], [ 110.423924036188126, -7.770629736449423 ], [ 110.42388466206144, -7.770646370566634 ] ] } },
{ "type": "Feature", "properties": { "nama_jalan": null, "kelas_jalan": 0.0, "lebar_jalan": 0.0 }, "geometry": { "type": "LineString", "coordinates": [ [ 110.406195007218003, -7.763298465712521 ], [ 110.406381896245662, -7.763352129407973 ], [ 110.406842351561366, -7.763427973595111 ], [ 110.407148153162197, -7.763499278114066 ], [ 110.408183317450224, -7.763699867929065 ], [ 110.408653148053602, -7.763784822713562 ], [ 110.409175130091157, -7.763904347809289 ], [ 110.409313395404894, -7.763935854346061 ], [ 110.409736646759725, -7.76400866793151 ], [ 110.410200625819172, -7.764088546718687 ], [ 110.410639991037499, -7.764149054086351 ], [ 110.410950190215857, -7.764215414329326 ], [ 110.410977841586018, -7.764228179219916 ] ] } },
{ "type": "Feature", "properties": { "nama_jalan": "Ngringin-Pulodadi", "kelas_jalan": 0.0, "lebar_jalan": 0.0 }, "geometry": { "type": "LineString", "coordinates": [ [ 110.406195007218003, -7.763298465712521 ], [ 110.406381896245662, -7.763352129407973 ], [ 110.406842351561366, -7.763427973595111 ], [ 110.407148153162197, -7.763499278114066 ], [ 110.408183317450224, -7.763699867929065 ], [ 110.408653148053602, -7.763784822713562 ], [ 110.409175130091157, -7.763904347809289 ], [ 110.409313395404894, -7.763935854346061 ], [ 110.409736646759725, -7.76400866793151 ], [ 110.410200625819172, -7.764088546718687 ], [ 110.410639991037499, -7.764149054086351 ], [ 110.410950190215857, -7.764215414329326 ], [ 110.410977841586018, -7.764228179219916 ] ] } },
{ "type": "Feature", "properties": { "nama_jalan": "Pugeran-Sopalan", "kelas_jalan": 0.0, "lebar_jalan": 0.0 }, "geometry": { "type": "LineString", "coordinates": [ [ 110.428517303295976, -7.760482844582471 ], [ 110.428049077316132, -7.761089303342041 ], [ 110.426948271646083, -7.762501128024474 ], [ 110.426478418132973, -7.763069854885697 ], [ 110.426125137782293, -7.763494687065397 ], [ 110.425862944819983, -7.763812514881861 ], [ 110.425630856248944, -7.76409384864228 ], [ 110.425547390589458, -7.764285542380365 ], [ 110.425492910770757, -7.764454619712179 ], [ 110.42539355427607, -7.764703164624127 ], [ 110.425366372892398, -7.764789974608201 ] ] } },
{ "type": "Feature", "properties": { "nama_jalan": null, "kelas_jalan": 0.0, "lebar_jalan": 0.0 }, "geometry": { "type": "LineString", "coordinates": [ [ 110.428517303295976, -7.760482844582471 ], [ 110.428049077316132, -7.761089303342041 ], [ 110.426948271646083, -7.762501128024474 ], [ 110.426478418132973, -7.763069854885697 ], [ 110.426125137782293, -7.763494687065397 ], [ 110.425862944819983, -7.763812514881861 ], [ 110.425630856248944, -7.76409384864228 ], [ 110.425547390589458, -7.764285542380365 ], [ 110.425492910770757, -7.764454619712179 ], [ 110.42539355427607, -7.764703164624127 ], [ 110.425366372892398, -7.764789974608201 ] ] } },
{ "type": "Feature", "properties": { "nama_jalan": null, "kelas_jalan": 0.0, "lebar_jalan": 0.0 }, "geometry": { "type": "MultiLineString", "coordinates": [ [ [ 110.428517303295976, -7.760482844582471 ], [ 110.428704076591544, -7.760536634113315 ], [ 110.428806671196725, -7.760563600006956 ], [ 110.429554751261975, -7.760724595702124 ], [ 110.4296909835534, -7.760751289913102 ], [ 110.429718963564383, -7.760755370638641 ], [ 110.430065201362851, -7.760844450716029 ], [ 110.430530504587722, -7.760958772339709 ], [ 110.431221672051663, -7.761063707200678 ], [ 110.431566467726242, -7.76111897401978 ], [ 110.431570844433864, -7.761121612028965 ], [ 110.431761982046353, -7.761187834234966 ], [ 110.431937033178968, -7.761245441911956 ], [ 110.432713147307922, -7.761500856596897 ], [ 110.43271302468176, -7.76151114990135 ] ], [ [ 110.428517303295976, -7.760482844582471 ], [ 110.428284021401268, -7.760432483926406 ], [ 110.427660499103183, -7.760288242591925 ], [ 110.427530412233054, -7.760258145971889 ], [ 110.427419313960897, -7.760241243805591 ], [ 110.427196569365449, -7.760185570024233 ], [ 110.426817453732127, -7.760087226317579 ], [ 110.426806611689315, -7.760084082064268 ], [ 110.42644862344622, -7.760006795733195 ], [ 110.426405751394924, -7.759997539850381 ], [ 110.425575040043924, -7.759816563933539 ], [ 110.425053828648004, -7.759703019909056 ], [ 110.424931070298641, -7.759664539367535 ], [ 110.424375851071943, -7.759537842957354 ], [ 110.424357827894653, -7.759533730135256 ], [ 110.42336336502737, -7.759298980778206 ], [ 110.423302602028357, -7.759279885383487 ], [ 110.423072453885297, -7.759238238555302 ], [ 110.422851949885953, -7.759198337750769 ], [ 110.422713456838622, -7.759186997117603 ] ] ] } },
{ "type": "Feature", "properties": { "nama_jalan": "Setan-Klodran", "kelas_jalan": 0.0, "lebar_jalan": 0.0 }, "geometry": { "type": "MultiLineString", "coordinates": [ [ [ 110.428517303295976, -7.760482844582471 ], [ 110.428704076591544, -7.760536634113315 ], [ 110.428806671196725, -7.760563600006956 ], [ 110.429554751261975, -7.760724595702124 ], [ 110.4296909835534, -7.760751289913102 ], [ 110.429718963564383, -7.760755370638641 ], [ 110.430065201362851, -7.760844450716029 ], [ 110.430530504587722, -7.760958772339709 ], [ 110.431221672051663, -7.761063707200678 ], [ 110.431566467726242, -7.76111897401978 ], [ 110.431570844433864, -7.761121612028965 ], [ 110.431761982046353, -7.761187834234966 ], [ 110.431937033178968, -7.761245441911956 ], [ 110.432713147307922, -7.761500856596897 ], [ 110.43271302468176, -7.76151114990135 ] ], [ [ 110.428517303295976, -7.760482844582471 ], [ 110.428284021401268, -7.760432483926406 ], [ 110.427660499103183, -7.760288242591925 ], [ 110.427530412233054, -7.760258145971889 ], [ 110.427419313960897, -7.760241243805591 ], [ 110.427196569365449, -7.760185570024233 ], [ 110.426817453732127, -7.760087226317579 ], [ 110.426806611689315, -7.760084082064268 ], [ 110.42644862344622, -7.760006795733195 ], [ 110.426405751394924, -7.759997539850381 ], [ 110.425575040043924, -7.759816563933539 ], [ 110.425053828648004, -7.759703019909056 ], [ 110.424931070298641, -7.759664539367535 ], [ 110.424375851071943, -7.759537842957354 ], [ 110.424357827894653, -7.759533730135256 ], [ 110.42336336502737, -7.759298980778206 ], [ 110.423302602028357, -7.759279885383487 ], [ 110.423072453885297, -7.759238238555302 ], [ 110.422851949885953, -7.759198337750769 ], [ 110.422713456838622, -7.759186997117603 ] ] ] } },
{ "type": "Feature", "properties": { "nama_jalan": "Tlukan-Kadisoka", "kelas_jalan": 0.0, "lebar_jalan": 0.0 }, "geometry": { "type": "LineString", "coordinates": [ [ 110.433946686200315, -7.783493580428479 ], [ 110.43396385139576, -7.78344852467477 ], [ 110.434001920619934, -7.783348597758237 ], [ 110.434084214280702, -7.782850588211045 ], [ 110.434140162421656, -7.782581079108716 ], [ 110.434141663615719, -7.782570091168774 ], [ 110.434216670257769, -7.782208996572248 ], [ 110.43425655966702, -7.782016939236366 ], [ 110.434475929045576, -7.780960849393946 ], [ 110.434507028644987, -7.780811138158765 ], [ 110.43464337440254, -7.780020152394532 ], [ 110.434968492336893, -7.778459180979368 ], [ 110.434997326151418, -7.778253802346241 ], [ 110.435107632675525, -7.777806807589786 ], [ 110.43513720267228, -7.777634046989031 ], [ 110.435142559335588, -7.777603246085383 ], [ 110.435260175702382, -7.777137609727437 ], [ 110.435262259079423, -7.777125944160014 ], [ 110.435278533170816, -7.77704838492257 ], [ 110.435352705218449, -7.776712209282049 ], [ 110.435382772450566, -7.776486200067913 ], [ 110.435403737145691, -7.776271548589598 ], [ 110.435467835023516, -7.775942052970042 ], [ 110.435496046769217, -7.775760670404412 ], [ 110.435496418971113, -7.775733254822487 ], [ 110.435616054589005, -7.775180289295052 ], [ 110.435800988994473, -7.774293596396622 ], [ 110.435899742603013, -7.773899129590898 ], [ 110.435974346875966, -7.773537862834261 ], [ 110.436044360252168, -7.773273726644528 ], [ 110.43606411020734, -7.773078611143859 ], [ 110.43609519169236, -7.773070575023243 ], [ 110.436249156875249, -7.773016300006439 ], [ 110.43651253042475, -7.772861660428189 ], [ 110.436700592546416, -7.772755717998103 ], [ 110.436725184272134, -7.772744869201332 ], [ 110.437118716221093, -7.772516745602708 ], [ 110.437143311550287, -7.77250317417079 ], [ 110.437188276187442, -7.772489512139129 ], [ 110.437246369557883, -7.772485147901312 ], [ 110.437398609549874, -7.772473717405946 ], [ 110.437425496867888, -7.772482444578093 ], [ 110.43753601644265, -7.772500881298349 ], [ 110.437664074722008, -7.772518661913275 ], [ 110.437749260295107, -7.772471296269669 ], [ 110.437826746600578, -7.772225260033778 ], [ 110.43790206261383, -7.771995556588422 ], [ 110.43798173336539, -7.771765279988164 ], [ 110.438067501275455, -7.771436707863407 ], [ 110.438127269841772, -7.771174294321349 ], [ 110.438173031247274, -7.770758997834954 ], [ 110.438317361835402, -7.770250511994377 ], [ 110.438389352312598, -7.770229080410654 ], [ 110.438607808026944, -7.770202105874472 ], [ 110.438620988800494, -7.770158543362012 ], [ 110.438625509919945, -7.770114010613064 ], [ 110.438692448132841, -7.769690238562193 ], [ 110.438815583654716, -7.768744297907432 ], [ 110.438875982001562, -7.768389993572002 ], [ 110.438884831366195, -7.768302665389361 ], [ 110.438926347871003, -7.767893034449402 ], [ 110.439026114105246, -7.767327775722424 ], [ 110.439135784118349, -7.766706549051793 ], [ 110.439125563272725, -7.76648100169505 ], [ 110.439153098227592, -7.766219984419688 ], [ 110.439343792371929, -7.765097314366488 ], [ 110.43942243957575, -7.764692590419848 ], [ 110.439450318024768, -7.764254212745143 ], [ 110.439517496601837, -7.763824669782232 ], [ 110.439519349848794, -7.763590229656303 ], [ 110.439548175729016, -7.763579693767812 ], [ 110.439570348066965, -7.763403258571741 ], [ 110.439522599840075, -7.763033274424085 ], [ 110.439342916680104, -7.762282028797242 ], [ 110.439372130069529, -7.762054263025662 ], [ 110.43943785455059, -7.761750619651136 ], [ 110.439442180600494, -7.761730617288817 ], [ 110.43954060912921, -7.760288909049408 ], [ 110.439646374292508, -7.759286239031782 ], [ 110.439647547224141, -7.759037324667849 ], [ 110.439648792865057, -7.758774580227292 ], [ 110.439636002811326, -7.758537107786347 ], [ 110.439558650213684, -7.758451003785989 ], [ 110.43949859292438, -7.758405861303854 ], [ 110.439509598363898, -7.758374696864045 ], [ 110.439608336548872, -7.758253557398157 ], [ 110.439701258412697, -7.758136182110902 ], [ 110.439873884970538, -7.757984488254296 ], [ 110.440040833188064, -7.75783778343625 ], [ 110.440132076199561, -7.757850703407633 ], [ 110.440241420121282, -7.75787009461676 ], [ 110.44026538765452, -7.757877914094098 ], [ 110.440899294664803, -7.75809102112772 ], [ 110.440913185126107, -7.758086372033832 ], [ 110.440960445669134, -7.758036666306234 ], [ 110.440963089146379, -7.757964616296874 ], [ 110.440958911008011, -7.757502542826809 ], [ 110.441054009782846, -7.75719761789344 ], [ 110.441079479086966, -7.756995227891366 ], [ 110.441118548193913, -7.756726644576229 ], [ 110.441166037623887, -7.756384940756496 ] ] } },
{ "type": "Feature", "properties": { "nama_jalan": null, "kelas_jalan": 0.0, "lebar_jalan": 0.0 }, "geometry": { "type": "LineString", "coordinates": [ [ 110.433946686200315, -7.783493580428479 ], [ 110.43396385139576, -7.78344852467477 ], [ 110.434001920619934, -7.783348597758237 ], [ 110.434084214280702, -7.782850588211045 ], [ 110.434140162421656, -7.782581079108716 ], [ 110.434141663615719, -7.782570091168774 ], [ 110.434216670257769, -7.782208996572248 ], [ 110.43425655966702, -7.782016939236366 ], [ 110.434475929045576, -7.780960849393946 ], [ 110.434507028644987, -7.780811138158765 ], [ 110.43464337440254, -7.780020152394532 ], [ 110.434968492336893, -7.778459180979368 ], [ 110.434997326151418, -7.778253802346241 ], [ 110.435107632675525, -7.777806807589786 ], [ 110.43513720267228, -7.777634046989031 ], [ 110.435142559335588, -7.777603246085383 ], [ 110.435260175702382, -7.777137609727437 ], [ 110.435262259079423, -7.777125944160014 ], [ 110.435278533170816, -7.77704838492257 ], [ 110.435352705218449, -7.776712209282049 ], [ 110.435382772450566, -7.776486200067913 ], [ 110.435403737145691, -7.776271548589598 ], [ 110.435467835023516, -7.775942052970042 ], [ 110.435496046769217, -7.775760670404412 ], [ 110.435496418971113, -7.775733254822487 ], [ 110.435616054589005, -7.775180289295052 ], [ 110.435800988994473, -7.774293596396622 ], [ 110.435899742603013, -7.773899129590898 ], [ 110.435974346875966, -7.773537862834261 ], [ 110.436044360252168, -7.773273726644528 ], [ 110.43606411020734, -7.773078611143859 ], [ 110.43609519169236, -7.773070575023243 ], [ 110.436249156875249, -7.773016300006439 ], [ 110.43651253042475, -7.772861660428189 ], [ 110.436700592546416, -7.772755717998103 ], [ 110.436725184272134, -7.772744869201332 ], [ 110.437118716221093, -7.772516745602708 ], [ 110.437143311550287, -7.77250317417079 ], [ 110.437188276187442, -7.772489512139129 ], [ 110.437246369557883, -7.772485147901312 ], [ 110.437398609549874, -7.772473717405946 ], [ 110.437425496867888, -7.772482444578093 ], [ 110.43753601644265, -7.772500881298349 ], [ 110.437664074722008, -7.772518661913275 ], [ 110.437749260295107, -7.772471296269669 ], [ 110.437826746600578, -7.772225260033778 ], [ 110.43790206261383, -7.771995556588422 ], [ 110.43798173336539, -7.771765279988164 ], [ 110.438067501275455, -7.771436707863407 ], [ 110.438127269841772, -7.771174294321349 ], [ 110.438173031247274, -7.770758997834954 ], [ 110.438317361835402, -7.770250511994377 ], [ 110.438389352312598, -7.770229080410654 ], [ 110.438607808026944, -7.770202105874472 ], [ 110.438620988800494, -7.770158543362012 ], [ 110.438625509919945, -7.770114010613064 ], [ 110.438692448132841, -7.769690238562193 ], [ 110.438815583654716, -7.768744297907432 ], [ 110.438875982001562, -7.768389993572002 ], [ 110.438884831366195, -7.768302665389361 ], [ 110.438926347871003, -7.767893034449402 ], [ 110.439026114105246, -7.767327775722424 ], [ 110.439135784118349, -7.766706549051793 ], [ 110.439125563272725, -7.76648100169505 ], [ 110.439153098227592, -7.766219984419688 ], [ 110.439343792371929, -7.765097314366488 ], [ 110.43942243957575, -7.764692590419848 ], [ 110.439450318024768, -7.764254212745143 ], [ 110.439517496601837, -7.763824669782232 ], [ 110.439519349848794, -7.763590229656303 ], [ 110.439548175729016, -7.763579693767812 ], [ 110.439570348066965, -7.763403258571741 ], [ 110.439522599840075, -7.763033274424085 ], [ 110.439342916680104, -7.762282028797242 ], [ 110.439372130069529, -7.762054263025662 ], [ 110.43943785455059, -7.761750619651136 ], [ 110.439442180600494, -7.761730617288817 ], [ 110.43954060912921, -7.760288909049408 ], [ 110.439646374292508, -7.759286239031782 ], [ 110.439647547224141, -7.759037324667849 ], [ 110.439648792865057, -7.758774580227292 ], [ 110.439636002811326, -7.758537107786347 ], [ 110.439558650213684, -7.758451003785989 ], [ 110.43949859292438, -7.758405861303854 ], [ 110.439509598363898, -7.758374696864045 ], [ 110.439608336548872, -7.758253557398157 ], [ 110.439701258412697, -7.758136182110902 ], [ 110.439873884970538, -7.757984488254296 ], [ 110.440040833188064, -7.75783778343625 ], [ 110.440132076199561, -7.757850703407633 ], [ 110.440241420121282, -7.75787009461676 ], [ 110.44026538765452, -7.757877914094098 ], [ 110.440899294664803, -7.75809102112772 ], [ 110.440913185126107, -7.758086372033832 ], [ 110.440960445669134, -7.758036666306234 ], [ 110.440963089146379, -7.757964616296874 ], [ 110.440958911008011, -7.757502542826809 ], [ 110.441054009782846, -7.75719761789344 ], [ 110.441079479086966, -7.756995227891366 ], [ 110.441118548193913, -7.756726644576229 ], [ 110.441166037623887, -7.756384940756496 ] ] } },
{ "type": "Feature", "properties": { "nama_jalan": null, "kelas_jalan": 0.0, "lebar_jalan": 0.0 }, "geometry": { "type": "LineString", "coordinates": [ [ 110.439519349848794, -7.763590229656303 ], [ 110.439292898190047, -7.763557476818663 ], [ 110.439156718629818, -7.76353075760985 ], [ 110.438834783720438, -7.763467577958177 ], [ 110.438500396197313, -7.763377914365925 ], [ 110.437885086651093, -7.763242083263531 ], [ 110.436733569392501, -7.762972621738525 ], [ 110.436569261049897, -7.762944699442015 ], [ 110.436513391820924, -7.762947672757701 ], [ 110.43649892871727, -7.762939530975664 ], [ 110.435912114827602, -7.762791650432868 ], [ 110.435821244257838, -7.762765380131204 ], [ 110.435391911810285, -7.762644165082737 ], [ 110.43500824422496, -7.762583341966621 ], [ 110.434903004134583, -7.762559784045162 ], [ 110.434811511654999, -7.76253616296129 ], [ 110.434660975772275, -7.762497295432259 ], [ 110.434117826070207, -7.76237264441286 ], [ 110.434012640615435, -7.762327991973736 ], [ 110.43386800514736, -7.762142697922756 ], [ 110.433750826368552, -7.762040321809646 ], [ 110.433568347920229, -7.761840604419779 ], [ 110.433552576560189, -7.761820059794181 ], [ 110.433364620263603, -7.761742572239298 ], [ 110.433178475122887, -7.761665738275928 ], [ 110.433034487795211, -7.761606308273186 ], [ 110.432738106695055, -7.761519731091634 ], [ 110.432712962750216, -7.761516757859307 ], [ 110.43271302468176, -7.76151114990135 ] ] } },
{ "type": "Feature", "properties": { "nama_jalan": "Sambego-Setan", "kelas_jalan": 0.0, "lebar_jalan": 0.0 }, "geometry": { "type": "LineString", "coordinates": [ [ 110.439519349848794, -7.763590229656303 ], [ 110.439292898190047, -7.763557476818663 ], [ 110.439156718629818, -7.76353075760985 ], [ 110.438834783720438, -7.763467577958177 ], [ 110.438500396197313, -7.763377914365925 ], [ 110.437885086651093, -7.763242083263531 ], [ 110.436733569392501, -7.762972621738525 ], [ 110.436569261049897, -7.762944699442015 ], [ 110.436513391820924, -7.762947672757701 ], [ 110.43649892871727, -7.762939530975664 ], [ 110.435912114827602, -7.762791650432868 ], [ 110.435821244257838, -7.762765380131204 ], [ 110.435391911810285, -7.762644165082737 ], [ 110.43500824422496, -7.762583341966621 ], [ 110.434903004134583, -7.762559784045162 ], [ 110.434811511654999, -7.76253616296129 ], [ 110.434660975772275, -7.762497295432259 ], [ 110.434117826070207, -7.76237264441286 ], [ 110.434012640615435, -7.762327991973736 ], [ 110.43386800514736, -7.762142697922756 ], [ 110.433750826368552, -7.762040321809646 ], [ 110.433568347920229, -7.761840604419779 ], [ 110.433552576560189, -7.761820059794181 ], [ 110.433364620263603, -7.761742572239298 ], [ 110.433178475122887, -7.761665738275928 ], [ 110.433034487795211, -7.761606308273186 ], [ 110.432738106695055, -7.761519731091634 ], [ 110.432712962750216, -7.761516757859307 ], [ 110.43271302468176, -7.76151114990135 ] ] } },
{ "type": "Feature", "properties": { "nama_jalan": null, "kelas_jalan": 0.0, "lebar_jalan": 0.0 }, "geometry": { "type": "MultiLineString", "coordinates": [ [ [ 110.431265325216373, -7.767025396365915 ], [ 110.431277669119709, -7.76682774040397 ], [ 110.431290583020782, -7.766620957667671 ], [ 110.431307356315884, -7.766352383130964 ] ], [ [ 110.430870309916671, -7.76637856484073 ], [ 110.43094745123804, -7.766337542203144 ], [ 110.431102242253303, -7.766319800047985 ], [ 110.431307356315884, -7.766352383130964 ] ], [ [ 110.431307356315884, -7.766352383130964 ], [ 110.431441690119186, -7.765559189135183 ], [ 110.431533633795169, -7.765232589576781 ], [ 110.431650966359257, -7.764815788771528 ], [ 110.431757097014824, -7.764446713631466 ], [ 110.431885771728219, -7.76399738315473 ], [ 110.431889594765707, -7.763986886756954 ], [ 110.432109418188446, -7.763369816659965 ], [ 110.432175890290651, -7.763156429064206 ], [ 110.432191971803661, -7.763120875665593 ], [ 110.432270902342864, -7.762908391112628 ], [ 110.432530410259886, -7.762088896271986 ], [ 110.432640380682997, -7.761741606789958 ], [ 110.43271159339217, -7.761516728897337 ], [ 110.43271302468176, -7.76151114990135 ], [ 110.432796712838751, -7.76118582328855 ], [ 110.432817470431189, -7.761105375582249 ], [ 110.432950446589487, -7.760589902548338 ], [ 110.432951161118126, -7.76058523616341 ], [ 110.432999924343449, -7.760396310175981 ], [ 110.43304171120009, -7.760181415077132 ], [ 110.433160018185205, -7.759629171604973 ], [ 110.433179657248402, -7.759503487188126 ], [ 110.433181389650983, -7.759489749794402 ], [ 110.433214561887397, -7.759226731610011 ], [ 110.43324092779514, -7.759028839041695 ], [ 110.433304183648175, -7.758553949289088 ], [ 110.433428215650707, -7.757856745378122 ], [ 110.433454907212493, -7.757699276334791 ], [ 110.433463497611257, -7.757527482682279 ], [ 110.433483338611012, -7.757414045735568 ], [ 110.433587428185646, -7.756704251326702 ], [ 110.433705856586712, -7.756133636792753 ], [ 110.433758194249705, -7.755698811733172 ], [ 110.433785508598021, -7.75546871025962 ], [ 110.433965319304519, -7.754162827026699 ], [ 110.433972812357936, -7.754133277171587 ], [ 110.434028597713038, -7.753913261848536 ], [ 110.434108772716797, -7.753358307750069 ], [ 110.434109806443416, -7.753351596657091 ], [ 110.434166442999157, -7.752983008152009 ], [ 110.434225279175024, -7.752393291933637 ], [ 110.434264510572902, -7.752147178040672 ], [ 110.434310796637618, -7.751910408189667 ], [ 110.434429584595136, -7.751199474931955 ], [ 110.43445502939035, -7.75114646566082 ] ] ] } },
{ "type": "Feature", "properties": { "nama_jalan": "Maguwoharjo-Tajem", "kelas_jalan": 0.0, "lebar_jalan": 0.0 }, "geometry": { "type": "MultiLineString", "coordinates": [ [ [ 110.431265325216373, -7.767025396365915 ], [ 110.431277669119709, -7.76682774040397 ], [ 110.431290583020782, -7.766620957667671 ], [ 110.431307356315884, -7.766352383130964 ] ], [ [ 110.430870309916671, -7.76637856484073 ], [ 110.43094745123804, -7.766337542203144 ], [ 110.431102242253303, -7.766319800047985 ], [ 110.431307356315884, -7.766352383130964 ] ], [ [ 110.431307356315884, -7.766352383130964 ], [ 110.431441690119186, -7.765559189135183 ], [ 110.431533633795169, -7.765232589576781 ], [ 110.431650966359257, -7.764815788771528 ], [ 110.431757097014824, -7.764446713631466 ], [ 110.431885771728219, -7.76399738315473 ], [ 110.431889594765707, -7.763986886756954 ], [ 110.432109418188446, -7.763369816659965 ], [ 110.432175890290651, -7.763156429064206 ], [ 110.432191971803661, -7.763120875665593 ], [ 110.432270902342864, -7.762908391112628 ], [ 110.432530410259886, -7.762088896271986 ], [ 110.432640380682997, -7.761741606789958 ], [ 110.43271159339217, -7.761516728897337 ], [ 110.43271302468176, -7.76151114990135 ], [ 110.432796712838751, -7.76118582328855 ], [ 110.432817470431189, -7.761105375582249 ], [ 110.432950446589487, -7.760589902548338 ], [ 110.432951161118126, -7.76058523616341 ], [ 110.432999924343449, -7.760396310175981 ], [ 110.43304171120009, -7.760181415077132 ], [ 110.433160018185205, -7.759629171604973 ], [ 110.433179657248402, -7.759503487188126 ], [ 110.433181389650983, -7.759489749794402 ], [ 110.433214561887397, -7.759226731610011 ], [ 110.43324092779514, -7.759028839041695 ], [ 110.433304183648175, -7.758553949289088 ], [ 110.433428215650707, -7.757856745378122 ], [ 110.433454907212493, -7.757699276334791 ], [ 110.433463497611257, -7.757527482682279 ], [ 110.433483338611012, -7.757414045735568 ], [ 110.433587428185646, -7.756704251326702 ], [ 110.433705856586712, -7.756133636792753 ], [ 110.433758194249705, -7.755698811733172 ], [ 110.433785508598021, -7.75546871025962 ], [ 110.433965319304519, -7.754162827026699 ], [ 110.433972812357936, -7.754133277171587 ], [ 110.434028597713038, -7.753913261848536 ], [ 110.434108772716797, -7.753358307750069 ], [ 110.434109806443416, -7.753351596657091 ], [ 110.434166442999157, -7.752983008152009 ], [ 110.434225279175024, -7.752393291933637 ], [ 110.434264510572902, -7.752147178040672 ], [ 110.434310796637618, -7.751910408189667 ], [ 110.434429584595136, -7.751199474931955 ], [ 110.43445502939035, -7.75114646566082 ] ] ] } },
{ "type": "Feature", "properties": { "nama_jalan": "Kadisoka-Tajem", "kelas_jalan": 0.0, "lebar_jalan": 0.0 }, "geometry": { "type": "LineString", "coordinates": [ [ 110.440849662522936, -7.753443463848646 ], [ 110.440574761881948, -7.75336591066768 ], [ 110.440241521351638, -7.753286084428963 ], [ 110.439845691866225, -7.75321018083627 ], [ 110.439454551628316, -7.75312699259469 ], [ 110.43922712585605, -7.753072502200252 ], [ 110.439144052399456, -7.753049056971427 ], [ 110.438991546072103, -7.753006008766375 ], [ 110.438591903586726, -7.752934350279809 ], [ 110.438154855015497, -7.752859783777605 ], [ 110.437962251554723, -7.752835325447635 ], [ 110.437960682943071, -7.75283512257292 ], [ 110.437623897967967, -7.752787815439471 ], [ 110.437464362564498, -7.752760649903431 ], [ 110.437020139046368, -7.752660357175206 ], [ 110.435942889129791, -7.752395335335915 ], [ 110.435798921845574, -7.752363667196622 ], [ 110.435657454409665, -7.752326177191676 ], [ 110.435425470306484, -7.752216313811141 ], [ 110.435378333578981, -7.75217318695399 ], [ 110.435392390157531, -7.751990019688214 ], [ 110.435420621100917, -7.751799303967358 ], [ 110.435418481192798, -7.751690198411545 ], [ 110.435345791656218, -7.751592059836154 ], [ 110.434968982547403, -7.75137216791825 ], [ 110.434812358190413, -7.751310895720414 ], [ 110.434574545911488, -7.751192612124187 ], [ 110.434482511275519, -7.75115032014539 ], [ 110.43445502939035, -7.75114646566082 ] ] } },
{ "type": "Feature", "properties": { "nama_jalan": null, "kelas_jalan": 0.0, "lebar_jalan": 0.0 }, "geometry": { "type": "LineString", "coordinates": [ [ 110.440849662522936, -7.753443463848646 ], [ 110.440574761881948, -7.75336591066768 ], [ 110.440241521351638, -7.753286084428963 ], [ 110.439845691866225, -7.75321018083627 ], [ 110.439454551628316, -7.75312699259469 ], [ 110.43922712585605, -7.753072502200252 ], [ 110.439144052399456, -7.753049056971427 ], [ 110.438991546072103, -7.753006008766375 ], [ 110.438591903586726, -7.752934350279809 ], [ 110.438154855015497, -7.752859783777605 ], [ 110.437962251554723, -7.752835325447635 ], [ 110.437960682943071, -7.75283512257292 ], [ 110.437623897967967, -7.752787815439471 ], [ 110.437464362564498, -7.752760649903431 ], [ 110.437020139046368, -7.752660357175206 ], [ 110.435942889129791, -7.752395335335915 ], [ 110.435798921845574, -7.752363667196622 ], [ 110.435657454409665, -7.752326177191676 ], [ 110.435425470306484, -7.752216313811141 ], [ 110.435378333578981, -7.75217318695399 ], [ 110.435392390157531, -7.751990019688214 ], [ 110.435420621100917, -7.751799303967358 ], [ 110.435418481192798, -7.751690198411545 ], [ 110.435345791656218, -7.751592059836154 ], [ 110.434968982547403, -7.75137216791825 ], [ 110.434812358190413, -7.751310895720414 ], [ 110.434574545911488, -7.751192612124187 ], [ 110.434482511275519, -7.75115032014539 ], [ 110.43445502939035, -7.75114646566082 ] ] } },
{ "type": "Feature", "properties": { "nama_jalan": null, "kelas_jalan": 0.0, "lebar_jalan": 0.0 }, "geometry": { "type": "LineString", "coordinates": [ [ 110.416447997837707, -7.7460748672869 ], [ 110.416586909261511, -7.746049672797722 ], [ 110.416798355612215, -7.746009587105396 ], [ 110.416978348204864, -7.745981114838093 ], [ 110.416996394662121, -7.745984944724902 ] ] } },
{ "type": "Feature", "properties": { "nama_jalan": "Candi Gebang-Jetis", "kelas_jalan": 0.0, "lebar_jalan": 0.0 }, "geometry": { "type": "LineString", "coordinates": [ [ 110.416447997837707, -7.7460748672869 ], [ 110.416586909261511, -7.746049672797722 ], [ 110.416798355612215, -7.746009587105396 ], [ 110.416978348204864, -7.745981114838093 ], [ 110.416996394662121, -7.745984944724902 ] ] } },
{ "type": "Feature", "properties": { "nama_jalan": null, "kelas_jalan": 0.0, "lebar_jalan": 0.0 }, "geometry": { "type": "LineString", "coordinates": [ [ 110.411844892658095, -7.749147628567926 ], [ 110.411841048596997, -7.749161167589564 ], [ 110.411789391877178, -7.74934310739139 ], [ 110.41177308324535, -7.749403678663787 ], [ 110.411746018153195, -7.749746653340297 ], [ 110.41173022114063, -7.749909662195786 ], [ 110.411718747596638, -7.749942968864197 ], [ 110.411705936754416, -7.75000021632724 ], [ 110.411705133738892, -7.750003804353212 ], [ 110.411694886146464, -7.750049605038103 ], [ 110.411663733282893, -7.750162962575406 ], [ 110.411582376439227, -7.750406500716317 ], [ 110.411463846054176, -7.750761315770733 ], [ 110.411334580118535, -7.751168296776649 ], [ 110.411328847360394, -7.75119541630639 ], [ 110.411295891061556, -7.751372367186505 ], [ 110.411177752295586, -7.752012676217459 ], [ 110.411151482151141, -7.752155038435567 ], [ 110.411085615164197, -7.752450408717379 ], [ 110.411044665226953, -7.752701944237024 ], [ 110.410969602082758, -7.753003451591014 ], [ 110.410830391559657, -7.753562641975528 ], [ 110.410766412659555, -7.753731834284137 ], [ 110.410676373372226, -7.753969923943976 ], [ 110.410480986908269, -7.754369622943001 ], [ 110.410347241570463, -7.754609795690758 ], [ 110.410039323712326, -7.755053931351258 ], [ 110.409978473410206, -7.755197394248234 ], [ 110.40992977541319, -7.755319807721071 ], [ 110.409825677581964, -7.755519073753762 ], [ 110.409662192972633, -7.755802495280468 ], [ 110.409548124732297, -7.756050555256749 ], [ 110.409536524082696, -7.756077846602182 ], [ 110.409374424932608, -7.756459301701702 ], [ 110.409177810856562, -7.756943425096846 ], [ 110.409040482438826, -7.757164905854399 ], [ 110.408969469714123, -7.757303985606176 ], [ 110.40895738402773, -7.757334369710895 ], [ 110.408901413338882, -7.757541797713706 ], [ 110.408802715152987, -7.757920725583608 ], [ 110.408733170166471, -7.758093112612945 ], [ 110.408600281096, -7.758278942293968 ], [ 110.408420898277186, -7.758494592595587 ], [ 110.408019587994517, -7.758994495768304 ], [ 110.407791765451165, -7.759278288124372 ], [ 110.407567553836827, -7.759558801956744 ], [ 110.407442570984898, -7.75975165222187 ], [ 110.407251945879381, -7.760010250909497 ], [ 110.407077838663625, -7.760233077088485 ] ] } },
{ "type": "Feature", "properties": { "nama_jalan": "Ngringin-Krapyak", "kelas_jalan": 0.0, "lebar_jalan": 0.0 }, "geometry": { "type": "LineString", "coordinates": [ [ 110.411844892658095, -7.749147628567926 ], [ 110.411841048596997, -7.749161167589564 ], [ 110.411789391877178, -7.74934310739139 ], [ 110.41177308324535, -7.749403678663787 ], [ 110.411746018153195, -7.749746653340297 ], [ 110.41173022114063, -7.749909662195786 ], [ 110.411718747596638, -7.749942968864197 ], [ 110.411705936754416, -7.75000021632724 ], [ 110.411705133738892, -7.750003804353212 ], [ 110.411694886146464, -7.750049605038103 ], [ 110.411663733282893, -7.750162962575406 ], [ 110.411582376439227, -7.750406500716317 ], [ 110.411463846054176, -7.750761315770733 ], [ 110.411334580118535, -7.751168296776649 ], [ 110.411328847360394, -7.75119541630639 ], [ 110.411295891061556, -7.751372367186505 ], [ 110.411177752295586, -7.752012676217459 ], [ 110.411151482151141, -7.752155038435567 ], [ 110.411085615164197, -7.752450408717379 ], [ 110.411044665226953, -7.752701944237024 ], [ 110.410969602082758, -7.753003451591014 ], [ 110.410830391559657, -7.753562641975528 ], [ 110.410766412659555, -7.753731834284137 ], [ 110.410676373372226, -7.753969923943976 ], [ 110.410480986908269, -7.754369622943001 ], [ 110.410347241570463, -7.754609795690758 ], [ 110.410039323712326, -7.755053931351258 ], [ 110.409978473410206, -7.755197394248234 ], [ 110.40992977541319, -7.755319807721071 ], [ 110.409825677581964, -7.755519073753762 ], [ 110.409662192972633, -7.755802495280468 ], [ 110.409548124732297, -7.756050555256749 ], [ 110.409536524082696, -7.756077846602182 ], [ 110.409374424932608, -7.756459301701702 ], [ 110.409177810856562, -7.756943425096846 ], [ 110.409040482438826, -7.757164905854399 ], [ 110.408969469714123, -7.757303985606176 ], [ 110.40895738402773, -7.757334369710895 ], [ 110.408901413338882, -7.757541797713706 ], [ 110.408802715152987, -7.757920725583608 ], [ 110.408733170166471, -7.758093112612945 ], [ 110.408600281096, -7.758278942293968 ], [ 110.408420898277186, -7.758494592595587 ], [ 110.408019587994517, -7.758994495768304 ], [ 110.407791765451165, -7.759278288124372 ], [ 110.407567553836827, -7.759558801956744 ], [ 110.407442570984898, -7.75975165222187 ], [ 110.407251945879381, -7.760010250909497 ], [ 110.407077838663625, -7.760233077088485 ] ] } },
{ "type": "Feature", "properties": { "nama_jalan": null, "kelas_jalan": 0.0, "lebar_jalan": 0.0 }, "geometry": { "type": "MultiLineString", "coordinates": [ [ [ 110.43445502939035, -7.75114646566082 ], [ 110.434243085548758, -7.751106314595085 ], [ 110.433804978825165, -7.751120702267364 ], [ 110.433594931005359, -7.751127604894804 ], [ 110.433419401561352, -7.75115181073764 ], [ 110.433387693928452, -7.75115525097015 ], [ 110.43319251682729, -7.751176401330397 ], [ 110.432810645696946, -7.751217791366523 ], [ 110.432603518659818, -7.751243800917645 ], [ 110.432519855766628, -7.751254796994481 ], [ 110.430843061722527, -7.75116323695135 ], [ 110.430715590606766, -7.751143476431229 ], [ 110.430559426853634, -7.751139549173624 ], [ 110.430167505394891, -7.751147535643414 ], [ 110.429981493437865, -7.751152180198694 ], [ 110.429896329238986, -7.751140796738762 ] ], [ [ 110.429472070490675, -7.751273702916542 ], [ 110.429369022082057, -7.75130898305544 ], [ 110.429137593429431, -7.751347982561628 ], [ 110.429094596577301, -7.751352184809901 ] ], [ [ 110.428884532506146, -7.751372715118089 ], [ 110.428866714039586, -7.751374456575248 ], [ 110.428861454208644, -7.75137297551389 ] ], [ [ 110.419491590089564, -7.749826126243736 ], [ 110.419472494016276, -7.749822709700473 ], [ 110.419492175766763, -7.74950116431606 ] ], [ [ 110.419647740114826, -7.746436330850321 ], [ 110.419638226284775, -7.746435978407573 ], [ 110.419637183556603, -7.746435868444997 ], [ 110.419637503964012, -7.746421492365799 ] ] ] } },
{ "type": "Feature", "properties": { "nama_jalan": "Tajem-Bakungan", "kelas_jalan": 0.0, "lebar_jalan": 0.0 }, "geometry": { "type": "MultiLineString", "coordinates": [ [ [ 110.43445502939035, -7.75114646566082 ], [ 110.434243085548758, -7.751106314595085 ], [ 110.433804978825165, -7.751120702267364 ], [ 110.433594931005359, -7.751127604894804 ], [ 110.433419401561352, -7.75115181073764 ], [ 110.433387693928452, -7.75115525097015 ], [ 110.43319251682729, -7.751176401330397 ], [ 110.432810645696946, -7.751217791366523 ], [ 110.432603518659818, -7.751243800917645 ], [ 110.432519855766628, -7.751254796994481 ], [ 110.430843061722527, -7.75116323695135 ], [ 110.430715590606766, -7.751143476431229 ], [ 110.430559426853634, -7.751139549173624 ], [ 110.430167505394891, -7.751147535643414 ], [ 110.429981493437865, -7.751152180198694 ], [ 110.429896329238986, -7.751140796738762 ] ], [ [ 110.429472070490675, -7.751273702916542 ], [ 110.429369022082057, -7.75130898305544 ], [ 110.429137593429431, -7.751347982561628 ], [ 110.429094596577301, -7.751352184809901 ] ], [ [ 110.428884532506146, -7.751372715118089 ], [ 110.428866714039586, -7.751374456575248 ], [ 110.428861454208644, -7.75137297551389 ] ], [ [ 110.419491590089564, -7.749826126243736 ], [ 110.419472494016276, -7.749822709700473 ], [ 110.419492175766763, -7.74950116431606 ] ], [ [ 110.419647740114826, -7.746436330850321 ], [ 110.419638226284775, -7.746435978407573 ], [ 110.419637183556603, -7.746435868444997 ], [ 110.419637503964012, -7.746421492365799 ] ] ] } },
{ "type": "Feature", "properties": { "nama_jalan": null, "kelas_jalan": 0.0, "lebar_jalan": 0.0 }, "geometry": { "type": "LineString", "coordinates": [ [ 110.41396455664389, -7.783171292774726 ], [ 110.413957769333749, -7.783126881207925 ], [ 110.41412603584007, -7.782451863136449 ], [ 110.414204784743831, -7.782006659114205 ], [ 110.414436516834314, -7.780900254772833 ], [ 110.414543723411896, -7.780522349917841 ], [ 110.414587834320628, -7.780294155384316 ], [ 110.41471485096848, -7.779331108170581 ], [ 110.414796368316445, -7.779040200585176 ], [ 110.414864529022466, -7.778833929414333 ], [ 110.414865893206468, -7.778824640978406 ], [ 110.414906434703653, -7.778548211578324 ], [ 110.415014609636259, -7.778024970575093 ], [ 110.415072111225129, -7.777807432431968 ], [ 110.41510381175182, -7.777687526907761 ], [ 110.415112668413485, -7.777631431780081 ], [ 110.415143770548539, -7.777516618773767 ], [ 110.415228055095483, -7.77728463433 ], [ 110.41524387211966, -7.777205755802286 ], [ 110.415308722343894, -7.776834178130171 ], [ 110.415330909191383, -7.776707051355848 ], [ 110.415340679653895, -7.776651834859402 ], [ 110.415435102187146, -7.775982240636832 ], [ 110.415499294306827, -7.775660582409675 ], [ 110.415577190600388, -7.775435319570605 ], [ 110.4156313623768, -7.775290399658987 ], [ 110.415690652442564, -7.774939826185032 ], [ 110.415782198654469, -7.77454453963305 ], [ 110.415849734110623, -7.774250339872711 ], [ 110.415853370733203, -7.774217610312792 ], [ 110.415292837162326, -7.774263285083525 ], [ 110.415018670337489, -7.774229721594505 ], [ 110.414876311297832, -7.774205193900276 ], [ 110.414601846990664, -7.774183487081469 ], [ 110.414385678652366, -7.774161941886604 ], [ 110.414218125063286, -7.774116973277493 ], [ 110.413702401005921, -7.774081035999008 ], [ 110.413039544688445, -7.7740241975648 ], [ 110.412873780654124, -7.774002729414102 ], [ 110.412548508349786, -7.773951428442935 ], [ 110.411823551195113, -7.773894481426752 ], [ 110.411537005120564, -7.773861367122668 ], [ 110.411045276923105, -7.773804542002673 ], [ 110.410097400183247, -7.77367644007019 ], [ 110.410014795164216, -7.7736668550146 ], [ 110.409616145546764, -7.773634498157827 ], [ 110.409082166858425, -7.773595946657831 ], [ 110.409050822445607, -7.773591317136378 ] ] } },
{ "type": "Feature", "properties": { "nama_jalan": "Tambakbayan-Seturan", "kelas_jalan": 0.0, "lebar_jalan": 0.0 }, "geometry": { "type": "LineString", "coordinates": [ [ 110.41396455664389, -7.783171292774726 ], [ 110.413957769333749, -7.783126881207925 ], [ 110.41412603584007, -7.782451863136449 ], [ 110.414204784743831, -7.782006659114205 ], [ 110.414436516834314, -7.780900254772833 ], [ 110.414543723411896, -7.780522349917841 ], [ 110.414587834320628, -7.780294155384316 ], [ 110.41471485096848, -7.779331108170581 ], [ 110.414796368316445, -7.779040200585176 ], [ 110.414864529022466, -7.778833929414333 ], [ 110.414865893206468, -7.778824640978406 ], [ 110.414906434703653, -7.778548211578324 ], [ 110.415014609636259, -7.778024970575093 ], [ 110.415072111225129, -7.777807432431968 ], [ 110.41510381175182, -7.777687526907761 ], [ 110.415112668413485, -7.777631431780081 ], [ 110.415143770548539, -7.777516618773767 ], [ 110.415228055095483, -7.77728463433 ], [ 110.41524387211966, -7.777205755802286 ], [ 110.415308722343894, -7.776834178130171 ], [ 110.415330909191383, -7.776707051355848 ], [ 110.415340679653895, -7.776651834859402 ], [ 110.415435102187146, -7.775982240636832 ], [ 110.415499294306827, -7.775660582409675 ], [ 110.415577190600388, -7.775435319570605 ], [ 110.4156313623768, -7.775290399658987 ], [ 110.415690652442564, -7.774939826185032 ], [ 110.415782198654469, -7.77454453963305 ], [ 110.415849734110623, -7.774250339872711 ], [ 110.415853370733203, -7.774217610312792 ], [ 110.415292837162326, -7.774263285083525 ], [ 110.415018670337489, -7.774229721594505 ], [ 110.414876311297832, -7.774205193900276 ], [ 110.414601846990664, -7.774183487081469 ], [ 110.414385678652366, -7.774161941886604 ], [ 110.414218125063286, -7.774116973277493 ], [ 110.413702401005921, -7.774081035999008 ], [ 110.413039544688445, -7.7740241975648 ], [ 110.412873780654124, -7.774002729414102 ], [ 110.412548508349786, -7.773951428442935 ], [ 110.411823551195113, -7.773894481426752 ], [ 110.411537005120564, -7.773861367122668 ], [ 110.411045276923105, -7.773804542002673 ], [ 110.410097400183247, -7.77367644007019 ], [ 110.410014795164216, -7.7736668550146 ], [ 110.409616145546764, -7.773634498157827 ], [ 110.409082166858425, -7.773595946657831 ], [ 110.409050822445607, -7.773591317136378 ] ] } },
{ "type": "Feature", "properties": { "nama_jalan": null, "kelas_jalan": 0.0, "lebar_jalan": 0.0 }, "geometry": { "type": "LineString", "coordinates": [ [ 110.425366372892398, -7.764789974608201 ], [ 110.425343149383778, -7.764958726914696 ], [ 110.425339192694892, -7.765080813865195 ], [ 110.425263076413842, -7.76525561827618 ], [ 110.425185016151289, -7.765697642782328 ], [ 110.425144891228911, -7.765874693805067 ], [ 110.424902483604768, -7.766929942271559 ], [ 110.424827375946961, -7.767256888388052 ], [ 110.424751295166089, -7.767477769004667 ], [ 110.424689486719558, -7.767632910228739 ], [ 110.424663048027682, -7.767834781658504 ], [ 110.424656288748679, -7.767863563417444 ], [ 110.424435239272697, -7.76855132429684 ], [ 110.424412319684023, -7.768692850807907 ], [ 110.424356766931453, -7.768889780255122 ], [ 110.424137867675071, -7.769675259192153 ], [ 110.423958638910293, -7.77033376983786 ], [ 110.42388466206144, -7.770646370566634 ], [ 110.423648783247643, -7.77155972618703 ], [ 110.423632955925541, -7.771620904594931 ], [ 110.423621486571861, -7.77166524673637 ], [ 110.423586364145223, -7.771822658069798 ], [ 110.423526321648495, -7.772091798172724 ], [ 110.423497210434732, -7.772451712721595 ], [ 110.423341338257103, -7.773336937416182 ], [ 110.423291120552605, -7.773563061824714 ], [ 110.423257387302911, -7.773753599436248 ], [ 110.423533331217186, -7.77384120515844 ], [ 110.423789347912788, -7.773891427868659 ], [ 110.423819135669518, -7.773900531581463 ], [ 110.423810535038172, -7.774009207130661 ], [ 110.423768893261141, -7.774372930794974 ], [ 110.423682557066812, -7.774923341138216 ], [ 110.423640501440431, -7.77520468045233 ], [ 110.423564465199419, -7.775649039708489 ], [ 110.423420047662688, -7.776805933549481 ], [ 110.423242444307576, -7.778307857616417 ], [ 110.423118235099537, -7.778863534749331 ], [ 110.423041939243518, -7.77931826010522 ], [ 110.422966175394478, -7.779769783242521 ], [ 110.422938547176017, -7.780030962122214 ], [ 110.422902480902479, -7.780341218744705 ], [ 110.422901477440845, -7.780405194106356 ], [ 110.422899591010932, -7.780491446603742 ], [ 110.422751959851595, -7.781433853671319 ], [ 110.422727524840582, -7.781627896111595 ], [ 110.422688429780081, -7.781938283324217 ], [ 110.422670312148071, -7.782082094579667 ], [ 110.422529887684945, -7.783086319810695 ], [ 110.422529877565253, -7.783120221214224 ], [ 110.42252238784593, -7.783357664756268 ], [ 110.422521712827105, -7.783379061166992 ] ] } },
{ "type": "Feature", "properties": { "nama_jalan": "Pugeran-Nayan", "kelas_jalan": 0.0, "lebar_jalan": 0.0 }, "geometry": { "type": "LineString", "coordinates": [ [ 110.425366372892398, -7.764789974608201 ], [ 110.425343149383778, -7.764958726914696 ], [ 110.425339192694892, -7.765080813865195 ], [ 110.425263076413842, -7.76525561827618 ], [ 110.425185016151289, -7.765697642782328 ], [ 110.425144891228911, -7.765874693805067 ], [ 110.424902483604768, -7.766929942271559 ], [ 110.424827375946961, -7.767256888388052 ], [ 110.424751295166089, -7.767477769004667 ], [ 110.424689486719558, -7.767632910228739 ], [ 110.424663048027682, -7.767834781658504 ], [ 110.424656288748679, -7.767863563417444 ], [ 110.424435239272697, -7.76855132429684 ], [ 110.424412319684023, -7.768692850807907 ], [ 110.424356766931453, -7.768889780255122 ], [ 110.424137867675071, -7.769675259192153 ], [ 110.423958638910293, -7.77033376983786 ], [ 110.42388466206144, -7.770646370566634 ], [ 110.423648783247643, -7.77155972618703 ], [ 110.423632955925541, -7.771620904594931 ], [ 110.423621486571861, -7.77166524673637 ], [ 110.423586364145223, -7.771822658069798 ], [ 110.423526321648495, -7.772091798172724 ], [ 110.423497210434732, -7.772451712721595 ], [ 110.423341338257103, -7.773336937416182 ], [ 110.423291120552605, -7.773563061824714 ], [ 110.423257387302911, -7.773753599436248 ], [ 110.423533331217186, -7.77384120515844 ], [ 110.423789347912788, -7.773891427868659 ], [ 110.423819135669518, -7.773900531581463 ], [ 110.423810535038172, -7.774009207130661 ], [ 110.423768893261141, -7.774372930794974 ], [ 110.423682557066812, -7.774923341138216 ], [ 110.423640501440431, -7.77520468045233 ], [ 110.423564465199419, -7.775649039708489 ], [ 110.423420047662688, -7.776805933549481 ], [ 110.423242444307576, -7.778307857616417 ], [ 110.423118235099537, -7.778863534749331 ], [ 110.423041939243518, -7.77931826010522 ], [ 110.422966175394478, -7.779769783242521 ], [ 110.422938547176017, -7.780030962122214 ], [ 110.422902480902479, -7.780341218744705 ], [ 110.422901477440845, -7.780405194106356 ], [ 110.422899591010932, -7.780491446603742 ], [ 110.422751959851595, -7.781433853671319 ], [ 110.422727524840582, -7.781627896111595 ], [ 110.422688429780081, -7.781938283324217 ], [ 110.422670312148071, -7.782082094579667 ], [ 110.422529887684945, -7.783086319810695 ], [ 110.422529877565253, -7.783120221214224 ], [ 110.42252238784593, -7.783357664756268 ], [ 110.422521712827105, -7.783379061166992 ] ] } },
{ "type": "Feature", "properties": { "nama_jalan": null, "kelas_jalan": 0.0, "lebar_jalan": 0.0 }, "geometry": { "type": "LineString", "coordinates": [ [ 110.408273577054558, -7.783319262266487 ], [ 110.408275447307773, -7.783294568821296 ], [ 110.408331980003297, -7.782548013299009 ], [ 110.408355705358048, -7.782095099942092 ], [ 110.408349882603972, -7.781985337603469 ], [ 110.408429347774089, -7.78119508957295 ], [ 110.408482723987049, -7.780416509574785 ], [ 110.408525756624741, -7.779957562782823 ], [ 110.408528856909243, -7.779926189369247 ], [ 110.408538854258708, -7.779723337970609 ], [ 110.408537250893303, -7.779301251376525 ], [ 110.408536149435747, -7.779012871353431 ], [ 110.408534113909141, -7.778860384839407 ], [ 110.408545130942571, -7.778699992934134 ], [ 110.408524142445359, -7.778255673384814 ], [ 110.408434292953245, -7.777912147830436 ], [ 110.408385208251772, -7.777785030792231 ], [ 110.408321974618019, -7.777573889612479 ], [ 110.408309020599589, -7.777161991946277 ], [ 110.408328522556346, -7.776952523657875 ], [ 110.40842971087099, -7.7765283189729 ], [ 110.40845103998474, -7.776263930861288 ], [ 110.408549608940078, -7.77589143377621 ], [ 110.408604812395282, -7.775671441360244 ], [ 110.408611099227173, -7.775534044734654 ], [ 110.40880090814548, -7.774612975663615 ], [ 110.408904996716174, -7.774092660649315 ], [ 110.40900644308806, -7.773755217449855 ], [ 110.409050822445607, -7.773591317136378 ], [ 110.409060651428661, -7.773437064276939 ], [ 110.409246799142309, -7.772614944013556 ], [ 110.409307741263149, -7.772396408434198 ], [ 110.409317396798912, -7.772366119583875 ], [ 110.409345913373386, -7.772117090994933 ], [ 110.409382954912914, -7.771796607330216 ], [ 110.409588060703513, -7.77090700073904 ], [ 110.409658312249434, -7.77056080337109 ], [ 110.409726032403867, -7.770202337186496 ], [ 110.409893264739111, -7.769474875068661 ], [ 110.410032535212721, -7.768807008928367 ], [ 110.410130432651741, -7.768365278308149 ], [ 110.410166313131896, -7.768090951344184 ], [ 110.410174638635525, -7.768051806275028 ], [ 110.410542637675888, -7.766322261422005 ], [ 110.410584743554011, -7.766088836303034 ], [ 110.410610232307761, -7.765850277603254 ], [ 110.410613365695212, -7.765820939348668 ], [ 110.410776480277349, -7.765182871648341 ], [ 110.41080448616988, -7.764993270788199 ], [ 110.410805240866694, -7.764965810632961 ], [ 110.410899907682548, -7.764602949226818 ], [ 110.410935673122154, -7.764435255697093 ], [ 110.410961479949677, -7.764255871022463 ], [ 110.410977841586018, -7.764228179219916 ], [ 110.411088565419163, -7.764228116407818 ], [ 110.411281280329916, -7.764200505088483 ], [ 110.411441114684479, -7.764026543080315 ], [ 110.411516972672231, -7.763899734969822 ], [ 110.411526920351051, -7.763874287422969 ], [ 110.411596958707776, -7.763620402556636 ], [ 110.411739757832237, -7.763130080183634 ], [ 110.411747986310147, -7.763101816290513 ], [ 110.411792135027696, -7.762931781584022 ], [ 110.411905923745095, -7.762467252056757 ], [ 110.411962116291861, -7.762152610358652 ], [ 110.411989057173912, -7.761762312185855 ], [ 110.41198670070159, -7.761734532944479 ] ] } },
{ "type": "Feature", "properties": { "nama_jalan": "Ngringin-Ngentak", "kelas_jalan": 0.0, "lebar_jalan": 0.0 }, "geometry": { "type": "LineString", "coordinates": [ [ 110.408273577054558, -7.783319262266487 ], [ 110.408275447307773, -7.783294568821296 ], [ 110.408331980003297, -7.782548013299009 ], [ 110.408355705358048, -7.782095099942092 ], [ 110.408349882603972, -7.781985337603469 ], [ 110.408429347774089, -7.78119508957295 ], [ 110.408482723987049, -7.780416509574785 ], [ 110.408525756624741, -7.779957562782823 ], [ 110.408528856909243, -7.779926189369247 ], [ 110.408538854258708, -7.779723337970609 ], [ 110.408537250893303, -7.779301251376525 ], [ 110.408536149435747, -7.779012871353431 ], [ 110.408534113909141, -7.778860384839407 ], [ 110.408545130942571, -7.778699992934134 ], [ 110.408524142445359, -7.778255673384814 ], [ 110.408434292953245, -7.777912147830436 ], [ 110.408385208251772, -7.777785030792231 ], [ 110.408321974618019, -7.777573889612479 ], [ 110.408309020599589, -7.777161991946277 ], [ 110.408328522556346, -7.776952523657875 ], [ 110.40842971087099, -7.7765283189729 ], [ 110.40845103998474, -7.776263930861288 ], [ 110.408549608940078, -7.77589143377621 ], [ 110.408604812395282, -7.775671441360244 ], [ 110.408611099227173, -7.775534044734654 ], [ 110.40880090814548, -7.774612975663615 ], [ 110.408904996716174, -7.774092660649315 ], [ 110.40900644308806, -7.773755217449855 ], [ 110.409050822445607, -7.773591317136378 ], [ 110.409060651428661, -7.773437064276939 ], [ 110.409246799142309, -7.772614944013556 ], [ 110.409307741263149, -7.772396408434198 ], [ 110.409317396798912, -7.772366119583875 ], [ 110.409345913373386, -7.772117090994933 ], [ 110.409382954912914, -7.771796607330216 ], [ 110.409588060703513, -7.77090700073904 ], [ 110.409658312249434, -7.77056080337109 ], [ 110.409726032403867, -7.770202337186496 ], [ 110.409893264739111, -7.769474875068661 ], [ 110.410032535212721, -7.768807008928367 ], [ 110.410130432651741, -7.768365278308149 ], [ 110.410166313131896, -7.768090951344184 ], [ 110.410174638635525, -7.768051806275028 ], [ 110.410542637675888, -7.766322261422005 ], [ 110.410584743554011, -7.766088836303034 ], [ 110.410610232307761, -7.765850277603254 ], [ 110.410613365695212, -7.765820939348668 ], [ 110.410776480277349, -7.765182871648341 ], [ 110.41080448616988, -7.764993270788199 ], [ 110.410805240866694, -7.764965810632961 ], [ 110.410899907682548, -7.764602949226818 ], [ 110.410935673122154, -7.764435255697093 ], [ 110.410961479949677, -7.764255871022463 ], [ 110.410977841586018, -7.764228179219916 ], [ 110.411088565419163, -7.764228116407818 ], [ 110.411281280329916, -7.764200505088483 ], [ 110.411441114684479, -7.764026543080315 ], [ 110.411516972672231, -7.763899734969822 ], [ 110.411526920351051, -7.763874287422969 ], [ 110.411596958707776, -7.763620402556636 ], [ 110.411739757832237, -7.763130080183634 ], [ 110.411747986310147, -7.763101816290513 ], [ 110.411792135027696, -7.762931781584022 ], [ 110.411905923745095, -7.762467252056757 ], [ 110.411962116291861, -7.762152610358652 ], [ 110.411989057173912, -7.761762312185855 ], [ 110.41198670070159, -7.761734532944479 ] ] } },
{ "type": "Feature", "properties": { "nama_jalan": null, "kelas_jalan": 0.0, "lebar_jalan": 0.0 }, "geometry": { "type": "LineString", "coordinates": [ [ 110.409317396798912, -7.772366119583875 ], [ 110.409215028918368, -7.772356442688906 ], [ 110.408756602432604, -7.772243419325829 ], [ 110.408668427753696, -7.772227196157585 ], [ 110.408356459047923, -7.772126070757703 ], [ 110.408333603189718, -7.772114452041767 ], [ 110.408023101630761, -7.772020735553309 ], [ 110.40679251217378, -7.77169880220864 ], [ 110.406477906429188, -7.771609150141797 ], [ 110.405716881848974, -7.771407137559287 ], [ 110.405210100447405, -7.771198905660767 ], [ 110.405113685073729, -7.771154395010416 ] ] } },
{ "type": "Feature", "properties": { "nama_jalan": "Seturan-Mundu", "kelas_jalan": 0.0, "lebar_jalan": 0.0 }, "geometry": { "type": "LineString", "coordinates": [ [ 110.409317396798912, -7.772366119583875 ], [ 110.409215028918368, -7.772356442688906 ], [ 110.408756602432604, -7.772243419325829 ], [ 110.408668427753696, -7.772227196157585 ], [ 110.408356459047923, -7.772126070757703 ], [ 110.408333603189718, -7.772114452041767 ], [ 110.408023101630761, -7.772020735553309 ], [ 110.40679251217378, -7.77169880220864 ], [ 110.406477906429188, -7.771609150141797 ], [ 110.405716881848974, -7.771407137559287 ], [ 110.405210100447405, -7.771198905660767 ], [ 110.405113685073729, -7.771154395010416 ] ] } },
{ "type": "Feature", "properties": { "nama_jalan": "Gowok-Sorowajan", "kelas_jalan": 0.0, "lebar_jalan": 0.0 }, "geometry": { "type": "LineString", "coordinates": [ [ 110.399860441730596, -7.783242586235118 ], [ 110.399795982242665, -7.784289156417925 ], [ 110.399764980353623, -7.784501655848604 ], [ 110.399717253071103, -7.785258266135432 ], [ 110.399641828169152, -7.78645615617789 ], [ 110.399559415787579, -7.787636675828669 ], [ 110.399552067047495, -7.787646662443131 ] ] } },
{ "type": "Feature", "properties": { "nama_jalan": null, "kelas_jalan": 0.0, "lebar_jalan": 0.0 }, "geometry": { "type": "LineString", "coordinates": [ [ 110.399860441730596, -7.783242586235118 ], [ 110.399795982242665, -7.784289156417925 ], [ 110.399764980353623, -7.784501655848604 ], [ 110.399717253071103, -7.785258266135432 ], [ 110.399641828169152, -7.78645615617789 ], [ 110.399559415787579, -7.787636675828669 ], [ 110.399552067047495, -7.787646662443131 ] ] } },
{ "type": "Feature", "properties": { "nama_jalan": "Papringan-Sapen", "kelas_jalan": 0.0, "lebar_jalan": 0.0 }, "geometry": { "type": "LineString", "coordinates": [ [ 110.395115723344645, -7.783159825081826 ], [ 110.395115706203356, -7.783174312688113 ], [ 110.395114251430229, -7.784413585964504 ], [ 110.395094581899087, -7.785187786351196 ], [ 110.395060752238734, -7.785352389816203 ], [ 110.394873597596799, -7.785582818636309 ], [ 110.394820698343409, -7.785812756067667 ], [ 110.394793404198467, -7.786044122985051 ], [ 110.394935411046845, -7.786409302251724 ], [ 110.39499138988586, -7.786552033300939 ], [ 110.395013955639158, -7.786622602347232 ], [ 110.39519631679633, -7.787208544578406 ], [ 110.395168159969685, -7.787425535719471 ], [ 110.395101978630294, -7.787512403366327 ] ] } },
{ "type": "Feature", "properties": { "nama_jalan": null, "kelas_jalan": 0.0, "lebar_jalan": 0.0 }, "geometry": { "type": "LineString", "coordinates": [ [ 110.395115723344645, -7.783159825081826 ], [ 110.395115706203356, -7.783174312688113 ], [ 110.395114251430229, -7.784413585964504 ], [ 110.395094581899087, -7.785187786351196 ], [ 110.395060752238734, -7.785352389816203 ], [ 110.394873597596799, -7.785582818636309 ], [ 110.394820698343409, -7.785812756067667 ], [ 110.394793404198467, -7.786044122985051 ], [ 110.394935411046845, -7.786409302251724 ], [ 110.39499138988586, -7.786552033300939 ], [ 110.395013955639158, -7.786622602347232 ], [ 110.39519631679633, -7.787208544578406 ], [ 110.395168159969685, -7.787425535719471 ], [ 110.395101978630294, -7.787512403366327 ] ] } },
{ "type": "Feature", "properties": { "nama_jalan": "Janti-Gowok", "kelas_jalan": 0.0, "lebar_jalan": 0.0 }, "geometry": { "type": "MultiLineString", "coordinates": [ [ [ 110.410348543802115, -7.785885190072211 ], [ 110.410333364446061, -7.785885188864125 ], [ 110.410240360165972, -7.785885183445084 ], [ 110.410164359089094, -7.785885178139247 ], [ 110.410005031630362, -7.785885168149034 ], [ 110.40967463102433, -7.785885147014635 ], [ 110.409557446080257, -7.785885140345606 ], [ 110.409152098646985, -7.785945721167853 ], [ 110.408975629137316, -7.785956781721238 ], [ 110.408926032379796, -7.785948480573782 ], [ 110.40869978316006, -7.785892195387095 ], [ 110.408265006576727, -7.78578403178327 ], [ 110.408129477285854, -7.785750313974162 ], [ 110.408023931652792, -7.785724056836019 ], [ 110.40801941488678, -7.785722933451177 ], [ 110.407633334330697, -7.78556657213141 ], [ 110.40760724286551, -7.785557465180017 ], [ 110.407356945982201, -7.785470099044195 ], [ 110.40724642257112, -7.785434632201135 ], [ 110.40692542807281, -7.785354124547854 ], [ 110.406909975338124, -7.785348144352491 ] ], [ [ 110.406131564453659, -7.785120147035815 ], [ 110.405672078856739, -7.785028661169385 ], [ 110.405242711113033, -7.784933480181024 ], [ 110.405158544265333, -7.784914822244099 ], [ 110.404658732261325, -7.784833474152354 ], [ 110.404575428619026, -7.784816276301135 ], [ 110.404077839145302, -7.784713549682985 ], [ 110.40378824728198, -7.784728832432631 ], [ 110.403398289699112, -7.784749409957116 ], [ 110.403206432659402, -7.784738792350229 ], [ 110.403123718406491, -7.784748026847359 ], [ 110.40305256843736, -7.784755969673617 ], [ 110.402952961193634, -7.784754020427656 ], [ 110.402204533999765, -7.784716260860765 ], [ 110.401962374608914, -7.784704043155588 ], [ 110.401884939124102, -7.784692500863856 ], [ 110.401825743591587, -7.784684961445252 ], [ 110.401539605295284, -7.784648514589331 ], [ 110.401477862017529, -7.784642390714906 ], [ 110.401125334418879, -7.784607425557139 ], [ 110.400682364383016, -7.784560860331876 ], [ 110.400441077888175, -7.784545289053448 ], [ 110.400342103750503, -7.784538900726025 ], [ 110.400236944015617, -7.784532114686375 ], [ 110.399764980353623, -7.784501655848604 ] ] ] } },
{ "type": "Feature", "properties": { "nama_jalan": null, "kelas_jalan": 0.0, "lebar_jalan": 0.0 }, "geometry": { "type": "MultiLineString", "coordinates": [ [ [ 110.410348543802115, -7.785885190072211 ], [ 110.410333364446061, -7.785885188864125 ], [ 110.410240360165972, -7.785885183445084 ], [ 110.410164359089094, -7.785885178139247 ], [ 110.410005031630362, -7.785885168149034 ], [ 110.40967463102433, -7.785885147014635 ], [ 110.409557446080257, -7.785885140345606 ], [ 110.409152098646985, -7.785945721167853 ], [ 110.408975629137316, -7.785956781721238 ], [ 110.408926032379796, -7.785948480573782 ], [ 110.40869978316006, -7.785892195387095 ], [ 110.408265006576727, -7.78578403178327 ], [ 110.408129477285854, -7.785750313974162 ], [ 110.408023931652792, -7.785724056836019 ], [ 110.40801941488678, -7.785722933451177 ], [ 110.407633334330697, -7.78556657213141 ], [ 110.40760724286551, -7.785557465180017 ], [ 110.407356945982201, -7.785470099044195 ], [ 110.40724642257112, -7.785434632201135 ], [ 110.40692542807281, -7.785354124547854 ], [ 110.406909975338124, -7.785348144352491 ] ], [ [ 110.406131564453659, -7.785120147035815 ], [ 110.405672078856739, -7.785028661169385 ], [ 110.405242711113033, -7.784933480181024 ], [ 110.405158544265333, -7.784914822244099 ], [ 110.404658732261325, -7.784833474152354 ], [ 110.404575428619026, -7.784816276301135 ], [ 110.404077839145302, -7.784713549682985 ], [ 110.40378824728198, -7.784728832432631 ], [ 110.403398289699112, -7.784749409957116 ], [ 110.403206432659402, -7.784738792350229 ], [ 110.403123718406491, -7.784748026847359 ], [ 110.40305256843736, -7.784755969673617 ], [ 110.402952961193634, -7.784754020427656 ], [ 110.402204533999765, -7.784716260860765 ], [ 110.401962374608914, -7.784704043155588 ], [ 110.401884939124102, -7.784692500863856 ], [ 110.401825743591587, -7.784684961445252 ], [ 110.401539605295284, -7.784648514589331 ], [ 110.401477862017529, -7.784642390714906 ], [ 110.401125334418879, -7.784607425557139 ], [ 110.400682364383016, -7.784560860331876 ], [ 110.400441077888175, -7.784545289053448 ], [ 110.400342103750503, -7.784538900726025 ], [ 110.400236944015617, -7.784532114686375 ], [ 110.399764980353623, -7.784501655848604 ] ] ] } },
{ "type": "Feature", "properties": { "nama_jalan": "Demangan Baru-Papringan", "kelas_jalan": 0.0, "lebar_jalan": 0.0 }, "geometry": { "type": "LineString", "coordinates": [ [ 110.395476277312895, -7.783167969560507 ], [ 110.395525356682441, -7.782941849008393 ], [ 110.395593880415717, -7.782551135145794 ], [ 110.395625857765154, -7.782293346612679 ], [ 110.395669869696889, -7.782030660978523 ], [ 110.395697577653962, -7.781837750898343 ], [ 110.395707528890682, -7.781767115134609 ], [ 110.395363812157029, -7.781737489165618 ], [ 110.394988363342691, -7.781705213571607 ], [ 110.394894925014512, -7.781604565988835 ], [ 110.395265135304797, -7.778930056441612 ], [ 110.395229674124593, -7.778936898325633 ], [ 110.394608043048905, -7.778724654742526 ], [ 110.39457964835961, -7.778717730873864 ], [ 110.394398570552781, -7.778667913207402 ], [ 110.394046334272872, -7.778567471417635 ], [ 110.393914763747034, -7.778519886927655 ], [ 110.393884027406642, -7.778513610921919 ], [ 110.392939901921324, -7.778248694794485 ], [ 110.392796775644399, -7.778220721437728 ], [ 110.392724229156556, -7.778209754417303 ] ] } },
{ "type": "Feature", "properties": { "nama_jalan": null, "kelas_jalan": 0.0, "lebar_jalan": 0.0 }, "geometry": { "type": "LineString", "coordinates": [ [ 110.395476277312895, -7.783167969560507 ], [ 110.395525356682441, -7.782941849008393 ], [ 110.395593880415717, -7.782551135145794 ], [ 110.395625857765154, -7.782293346612679 ], [ 110.395669869696889, -7.782030660978523 ], [ 110.395697577653962, -7.781837750898343 ], [ 110.395707528890682, -7.781767115134609 ], [ 110.395363812157029, -7.781737489165618 ], [ 110.394988363342691, -7.781705213571607 ], [ 110.394894925014512, -7.781604565988835 ], [ 110.395265135304797, -7.778930056441612 ], [ 110.395229674124593, -7.778936898325633 ], [ 110.394608043048905, -7.778724654742526 ], [ 110.39457964835961, -7.778717730873864 ], [ 110.394398570552781, -7.778667913207402 ], [ 110.394046334272872, -7.778567471417635 ], [ 110.393914763747034, -7.778519886927655 ], [ 110.393884027406642, -7.778513610921919 ], [ 110.392939901921324, -7.778248694794485 ], [ 110.392796775644399, -7.778220721437728 ], [ 110.392724229156556, -7.778209754417303 ] ] } },
{ "type": "Feature", "properties": { "nama_jalan": null, "kelas_jalan": 0.0, "lebar_jalan": 0.0 }, "geometry": { "type": "LineString", "coordinates": [ [ 110.388436240642747, -7.779222460741622 ], [ 110.388708259255182, -7.779317710024264 ], [ 110.388873734783303, -7.779380061384733 ], [ 110.389358536108219, -7.77956886217734 ], [ 110.390152939378737, -7.779771050181155 ], [ 110.390202116243628, -7.779780989108922 ], [ 110.39049404086883, -7.779889960266581 ], [ 110.390796217146118, -7.779958305174231 ], [ 110.391191718297947, -7.780019647146235 ], [ 110.391446600846578, -7.780087344863048 ], [ 110.392054130680975, -7.780242615552911 ], [ 110.392327184111579, -7.780269057608336 ], [ 110.392393061827491, -7.780263381131913 ] ] } },
{ "type": "Feature", "properties": { "nama_jalan": "Demangan-Papringan", "kelas_jalan": 0.0, "lebar_jalan": 0.0 }, "geometry": { "type": "LineString", "coordinates": [ [ 110.388436240642747, -7.779222460741622 ], [ 110.388708259255182, -7.779317710024264 ], [ 110.388873734783303, -7.779380061384733 ], [ 110.389358536108219, -7.77956886217734 ], [ 110.390152939378737, -7.779771050181155 ], [ 110.390202116243628, -7.779780989108922 ], [ 110.39049404086883, -7.779889960266581 ], [ 110.390796217146118, -7.779958305174231 ], [ 110.391191718297947, -7.780019647146235 ], [ 110.391446600846578, -7.780087344863048 ], [ 110.392054130680975, -7.780242615552911 ], [ 110.392327184111579, -7.780269057608336 ], [ 110.392393061827491, -7.780263381131913 ] ] } },
{ "type": "Feature", "properties": { "nama_jalan": "Bulaksumur-Samirono", "kelas_jalan": 0.0, "lebar_jalan": 0.0 }, "geometry": { "type": "LineString", "coordinates": [ [ 110.380031263038376, -7.776511396307543 ], [ 110.380026176142479, -7.776776439426308 ], [ 110.380001180897168, -7.777017898121441 ], [ 110.379914915981857, -7.777851362837187 ], [ 110.379809877856403, -7.778177693559771 ], [ 110.379788285919133, -7.77823213272235 ], [ 110.379735841144509, -7.77842461707399 ], [ 110.379702904923079, -7.778808030080334 ] ] } },
{ "type": "Feature", "properties": { "nama_jalan": null, "kelas_jalan": 0.0, "lebar_jalan": 0.0 }, "geometry": { "type": "LineString", "coordinates": [ [ 110.380031263038376, -7.776511396307543 ], [ 110.380026176142479, -7.776776439426308 ], [ 110.380001180897168, -7.777017898121441 ], [ 110.379914915981857, -7.777851362837187 ], [ 110.379809877856403, -7.778177693559771 ], [ 110.379788285919133, -7.77823213272235 ], [ 110.379735841144509, -7.77842461707399 ], [ 110.379702904923079, -7.778808030080334 ] ] } },
{ "type": "Feature", "properties": { "nama_jalan": null, "kelas_jalan": 0.0, "lebar_jalan": 0.0 }, "geometry": { "type": "LineString", "coordinates": [ [ 110.388688439245456, -7.777854736067588 ], [ 110.388605736601875, -7.777829263398385 ], [ 110.388229978452557, -7.777759409932292 ], [ 110.38791104713475, -7.777682382974137 ], [ 110.387738790649095, -7.777636836446617 ], [ 110.386657772268563, -7.777803018115671 ], [ 110.386380421661784, -7.77784565317655 ], [ 110.386119342063211, -7.777837053643904 ], [ 110.385911481016251, -7.777772352448489 ], [ 110.384846714159394, -7.77744090718457 ], [ 110.384566251924966, -7.777353603967494 ], [ 110.384260003318843, -7.777242863385514 ], [ 110.38418420762774, -7.777209051234553 ], [ 110.384006261357825, -7.777129675192678 ], [ 110.383595273045472, -7.777045031163381 ], [ 110.383125844252632, -7.776977948904338 ], [ 110.38287570874806, -7.776934838020495 ], [ 110.382128839583842, -7.776806106635195 ], [ 110.381854822340898, -7.776758881048664 ], [ 110.381539553848881, -7.776715113756625 ], [ 110.381333398621521, -7.776694145239325 ], [ 110.381217953353485, -7.776678184176299 ], [ 110.380963219622757, -7.776663358684048 ], [ 110.380776297195283, -7.776631948196616 ], [ 110.380486726173459, -7.776583286209918 ], [ 110.380375650813875, -7.776564621376108 ], [ 110.380274978780307, -7.776547702939488 ], [ 110.380064554284573, -7.776512342199205 ], [ 110.380031263038376, -7.776511396307543 ], [ 110.379955077260618, -7.776490373594624 ], [ 110.379666523960339, -7.776361492140153 ], [ 110.379492245616817, -7.776278443711739 ], [ 110.37920078241784, -7.776224171032171 ], [ 110.378879306028054, -7.776212487590794 ], [ 110.377821619873856, -7.776139167592381 ], [ 110.377357211869608, -7.776119140141214 ], [ 110.376711021341819, -7.776083277782435 ], [ 110.376424148737371, -7.776089133863644 ], [ 110.376234241077299, -7.776111440590419 ], [ 110.376064805615314, -7.776174480403387 ] ] } },
{ "type": "Feature", "properties": { "nama_jalan": "Kolombo-Bulaksumur", "kelas_jalan": 0.0, "lebar_jalan": 0.0 }, "geometry": { "type": "LineString", "coordinates": [ [ 110.388688439245456, -7.777854736067588 ], [ 110.388605736601875, -7.777829263398385 ], [ 110.388229978452557, -7.777759409932292 ], [ 110.38791104713475, -7.777682382974137 ], [ 110.387738790649095, -7.777636836446617 ], [ 110.386657772268563, -7.777803018115671 ], [ 110.386380421661784, -7.77784565317655 ], [ 110.386119342063211, -7.777837053643904 ], [ 110.385911481016251, -7.777772352448489 ], [ 110.384846714159394, -7.77744090718457 ], [ 110.384566251924966, -7.777353603967494 ], [ 110.384260003318843, -7.777242863385514 ], [ 110.38418420762774, -7.777209051234553 ], [ 110.384006261357825, -7.777129675192678 ], [ 110.383595273045472, -7.777045031163381 ], [ 110.383125844252632, -7.776977948904338 ], [ 110.38287570874806, -7.776934838020495 ], [ 110.382128839583842, -7.776806106635195 ], [ 110.381854822340898, -7.776758881048664 ], [ 110.381539553848881, -7.776715113756625 ], [ 110.381333398621521, -7.776694145239325 ], [ 110.381217953353485, -7.776678184176299 ], [ 110.380963219622757, -7.776663358684048 ], [ 110.380776297195283, -7.776631948196616 ], [ 110.380486726173459, -7.776583286209918 ], [ 110.380375650813875, -7.776564621376108 ], [ 110.380274978780307, -7.776547702939488 ], [ 110.380064554284573, -7.776512342199205 ], [ 110.380031263038376, -7.776511396307543 ], [ 110.379955077260618, -7.776490373594624 ], [ 110.379666523960339, -7.776361492140153 ], [ 110.379492245616817, -7.776278443711739 ], [ 110.37920078241784, -7.776224171032171 ], [ 110.378879306028054, -7.776212487590794 ], [ 110.377821619873856, -7.776139167592381 ], [ 110.377357211869608, -7.776119140141214 ], [ 110.376711021341819, -7.776083277782435 ], [ 110.376424148737371, -7.776089133863644 ], [ 110.376234241077299, -7.776111440590419 ], [ 110.376064805615314, -7.776174480403387 ] ] } },
{ "type": "Feature", "properties": { "nama_jalan": null, "kelas_jalan": 0.0, "lebar_jalan": 0.0 }, "geometry": { "type": "LineString", "coordinates": [ [ 110.384846714159394, -7.77744090718457 ], [ 110.385163871363559, -7.775801943136308 ], [ 110.385188261677158, -7.775537842110334 ], [ 110.385227608228263, -7.775079634904666 ], [ 110.385240206895091, -7.774854122377176 ], [ 110.385253285179928, -7.774404968393825 ], [ 110.385258325346555, -7.774232005355904 ], [ 110.385291135910492, -7.773920627550859 ], [ 110.385313882974799, -7.773651305956563 ], [ 110.385320396072188, -7.773600391206909 ], [ 110.385342210222674, -7.773429947991101 ], [ 110.385377262646585, -7.773274306412877 ], [ 110.385389120983888, -7.773227152226876 ], [ 110.385468865049504, -7.773233327864698 ], [ 110.385644443638427, -7.773286722114666 ], [ 110.38583279284623, -7.773354145696461 ], [ 110.385967753234922, -7.773363802061485 ], [ 110.385988156231974, -7.773359164262297 ], [ 110.386013079674981, -7.773333006449278 ], [ 110.38613786422583, -7.772849198122564 ], [ 110.386139510636895, -7.77281397869399 ], [ 110.386141306337692, -7.772808337116583 ], [ 110.386421906935453, -7.771924271699225 ], [ 110.38647076865054, -7.771744560883599 ], [ 110.386713841296725, -7.770803528841309 ], [ 110.386719174075779, -7.770753381181094 ], [ 110.386937721323278, -7.770044828133176 ], [ 110.387182129939035, -7.769269785100219 ], [ 110.387208588615479, -7.769222851783969 ], [ 110.387229274133972, -7.769179576140557 ], [ 110.387340106241538, -7.768947697950787 ], [ 110.387528313781473, -7.768396368718581 ], [ 110.387573528105435, -7.768223399202434 ], [ 110.387615142444943, -7.76813841845054 ], [ 110.387633078123244, -7.768115206391909 ] ] } },
{ "type": "Feature", "properties": { "nama_jalan": "Samirono-Klebengan", "kelas_jalan": 0.0, "lebar_jalan": 0.0 }, "geometry": { "type": "LineString", "coordinates": [ [ 110.384846714159394, -7.77744090718457 ], [ 110.385163871363559, -7.775801943136308 ], [ 110.385188261677158, -7.775537842110334 ], [ 110.385227608228263, -7.775079634904666 ], [ 110.385240206895091, -7.774854122377176 ], [ 110.385253285179928, -7.774404968393825 ], [ 110.385258325346555, -7.774232005355904 ], [ 110.385291135910492, -7.773920627550859 ], [ 110.385313882974799, -7.773651305956563 ], [ 110.385320396072188, -7.773600391206909 ], [ 110.385342210222674, -7.773429947991101 ], [ 110.385377262646585, -7.773274306412877 ], [ 110.385389120983888, -7.773227152226876 ], [ 110.385468865049504, -7.773233327864698 ], [ 110.385644443638427, -7.773286722114666 ], [ 110.38583279284623, -7.773354145696461 ], [ 110.385967753234922, -7.773363802061485 ], [ 110.385988156231974, -7.773359164262297 ], [ 110.386013079674981, -7.773333006449278 ], [ 110.38613786422583, -7.772849198122564 ], [ 110.386139510636895, -7.77281397869399 ], [ 110.386141306337692, -7.772808337116583 ], [ 110.386421906935453, -7.771924271699225 ], [ 110.38647076865054, -7.771744560883599 ], [ 110.386713841296725, -7.770803528841309 ], [ 110.386719174075779, -7.770753381181094 ], [ 110.386937721323278, -7.770044828133176 ], [ 110.387182129939035, -7.769269785100219 ], [ 110.387208588615479, -7.769222851783969 ], [ 110.387229274133972, -7.769179576140557 ], [ 110.387340106241538, -7.768947697950787 ], [ 110.387528313781473, -7.768396368718581 ], [ 110.387573528105435, -7.768223399202434 ], [ 110.387615142444943, -7.76813841845054 ], [ 110.387633078123244, -7.768115206391909 ] ] } },
{ "type": "Feature", "properties": { "nama_jalan": null, "kelas_jalan": 0.0, "lebar_jalan": 0.0 }, "geometry": { "type": "LineString", "coordinates": [ [ 110.378522231432356, -7.765906518897582 ], [ 110.378543345683369, -7.765914454311081 ], [ 110.37882509891584, -7.766005814073807 ], [ 110.378907684864615, -7.766051893999638 ], [ 110.379160887997188, -7.766125738437353 ], [ 110.379665746684921, -7.76624672065332 ], [ 110.380920047610459, -7.766547283109643 ], [ 110.381152929954297, -7.766614293961382 ], [ 110.381331158178739, -7.766665586095914 ], [ 110.381387298132765, -7.766681741020252 ], [ 110.381844893785498, -7.766813416584649 ], [ 110.382393914420177, -7.766931864848607 ], [ 110.382761814112953, -7.767011236731836 ], [ 110.383370961682957, -7.766942807907347 ], [ 110.383764124841818, -7.766875331444603 ], [ 110.384013349106169, -7.766849008597013 ], [ 110.384199290881298, -7.766859255719617 ], [ 110.384405374885844, -7.766870607401103 ], [ 110.384690215624289, -7.766985594722588 ], [ 110.384992387140471, -7.76711308834196 ], [ 110.384998332588609, -7.767115665766765 ], [ 110.385189823096283, -7.767158826748168 ], [ 110.385393091350721, -7.767235109019791 ], [ 110.385489461892746, -7.767282002738716 ], [ 110.385878978624547, -7.767462998371462 ], [ 110.385949430827822, -7.76749207177794 ], [ 110.386764697720864, -7.767792715716556 ], [ 110.387422183440563, -7.768038561378171 ], [ 110.387633078123244, -7.768115206391909 ], [ 110.387960775433257, -7.768234296579597 ], [ 110.388246989670563, -7.768353507719106 ], [ 110.388561162930202, -7.768467539850779 ], [ 110.388716242847153, -7.768541997432575 ], [ 110.389091186807704, -7.768681505447334 ], [ 110.389198246698612, -7.768717794732895 ], [ 110.389818440995413, -7.768928035828154 ], [ 110.390756170877324, -7.769336404309334 ], [ 110.39075724532232, -7.769339707332286 ] ] } },
{ "type": "Feature", "properties": { "nama_jalan": "Kocoran-Mrican", "kelas_jalan": 0.0, "lebar_jalan": 0.0 }, "geometry": { "type": "LineString", "coordinates": [ [ 110.378522231432356, -7.765906518897582 ], [ 110.378543345683369, -7.765914454311081 ], [ 110.37882509891584, -7.766005814073807 ], [ 110.378907684864615, -7.766051893999638 ], [ 110.379160887997188, -7.766125738437353 ], [ 110.379665746684921, -7.76624672065332 ], [ 110.380920047610459, -7.766547283109643 ], [ 110.381152929954297, -7.766614293961382 ], [ 110.381331158178739, -7.766665586095914 ], [ 110.381387298132765, -7.766681741020252 ], [ 110.381844893785498, -7.766813416584649 ], [ 110.382393914420177, -7.766931864848607 ], [ 110.382761814112953, -7.767011236731836 ], [ 110.383370961682957, -7.766942807907347 ], [ 110.383764124841818, -7.766875331444603 ], [ 110.384013349106169, -7.766849008597013 ], [ 110.384199290881298, -7.766859255719617 ], [ 110.384405374885844, -7.766870607401103 ], [ 110.384690215624289, -7.766985594722588 ], [ 110.384992387140471, -7.76711308834196 ], [ 110.384998332588609, -7.767115665766765 ], [ 110.385189823096283, -7.767158826748168 ], [ 110.385393091350721, -7.767235109019791 ], [ 110.385489461892746, -7.767282002738716 ], [ 110.385878978624547, -7.767462998371462 ], [ 110.385949430827822, -7.76749207177794 ], [ 110.386764697720864, -7.767792715716556 ], [ 110.387422183440563, -7.768038561378171 ], [ 110.387633078123244, -7.768115206391909 ], [ 110.387960775433257, -7.768234296579597 ], [ 110.388246989670563, -7.768353507719106 ], [ 110.388561162930202, -7.768467539850779 ], [ 110.388716242847153, -7.768541997432575 ], [ 110.389091186807704, -7.768681505447334 ], [ 110.389198246698612, -7.768717794732895 ], [ 110.389818440995413, -7.768928035828154 ], [ 110.390756170877324, -7.769336404309334 ], [ 110.39075724532232, -7.769339707332286 ] ] } },
{ "type": "Feature", "properties": { "nama_jalan": "Demangan-Mrican", "kelas_jalan": 0.0, "lebar_jalan": 0.0 }, "geometry": { "type": "LineString", "coordinates": [ [ 110.392241140270428, -7.783135009230749 ], [ 110.392241948100207, -7.783104953341137 ], [ 110.392257559718587, -7.782523886959742 ], [ 110.39231301319623, -7.781878622658157 ], [ 110.392363269439997, -7.780843024389141 ], [ 110.392356045718188, -7.780720253197361 ], [ 110.392361832259041, -7.780505791805709 ], [ 110.392393061827491, -7.780263381131913 ], [ 110.392399155707963, -7.780156702247567 ], [ 110.392417251092013, -7.779840030120721 ], [ 110.392436583331758, -7.779249336756957 ], [ 110.392518455572159, -7.778942822254712 ], [ 110.392562327745097, -7.778802197589865 ], [ 110.392580255725562, -7.778677344913168 ], [ 110.392724229156556, -7.778209754417303 ], [ 110.392719817155466, -7.778181282996128 ], [ 110.392743012009461, -7.777919241800944 ], [ 110.392794991629231, -7.777726382957247 ], [ 110.392897217616479, -7.777318573576629 ], [ 110.392902437050182, -7.777189154785239 ], [ 110.392915880274614, -7.777168297786358 ], [ 110.393016846402247, -7.776814658901483 ], [ 110.393079795184264, -7.776543927818905 ], [ 110.393090911432779, -7.776457308280052 ], [ 110.39314303104598, -7.776198943613132 ], [ 110.393179873954523, -7.775874114076412 ], [ 110.393170475387024, -7.775869876554627 ], [ 110.392887379946657, -7.775809231095473 ], [ 110.392056437133036, -7.775657052221582 ], [ 110.391624819184841, -7.775761485349279 ], [ 110.390535508254274, -7.776025048353719 ], [ 110.390161094863984, -7.776115637937576 ], [ 110.389681474722025, -7.776231682782619 ], [ 110.38951070886317, -7.776226750070386 ], [ 110.389296330626067, -7.776220556076085 ], [ 110.389089327551147, -7.776147170725947 ], [ 110.389023188795775, -7.776123722780716 ] ] } },
{ "type": "Feature", "properties": { "nama_jalan": null, "kelas_jalan": 0.0, "lebar_jalan": 0.0 }, "geometry": { "type": "LineString", "coordinates": [ [ 110.392241140270428, -7.783135009230749 ], [ 110.392241948100207, -7.783104953341137 ], [ 110.392257559718587, -7.782523886959742 ], [ 110.39231301319623, -7.781878622658157 ], [ 110.392363269439997, -7.780843024389141 ], [ 110.392356045718188, -7.780720253197361 ], [ 110.392361832259041, -7.780505791805709 ], [ 110.392393061827491, -7.780263381131913 ], [ 110.392399155707963, -7.780156702247567 ], [ 110.392417251092013, -7.779840030120721 ], [ 110.392436583331758, -7.779249336756957 ], [ 110.392518455572159, -7.778942822254712 ], [ 110.392562327745097, -7.778802197589865 ], [ 110.392580255725562, -7.778677344913168 ], [ 110.392724229156556, -7.778209754417303 ], [ 110.392719817155466, -7.778181282996128 ], [ 110.392743012009461, -7.777919241800944 ], [ 110.392794991629231, -7.777726382957247 ], [ 110.392897217616479, -7.777318573576629 ], [ 110.392902437050182, -7.777189154785239 ], [ 110.392915880274614, -7.777168297786358 ], [ 110.393016846402247, -7.776814658901483 ], [ 110.393079795184264, -7.776543927818905 ], [ 110.393090911432779, -7.776457308280052 ], [ 110.39314303104598, -7.776198943613132 ], [ 110.393179873954523, -7.775874114076412 ], [ 110.393170475387024, -7.775869876554627 ], [ 110.392887379946657, -7.775809231095473 ], [ 110.392056437133036, -7.775657052221582 ], [ 110.391624819184841, -7.775761485349279 ], [ 110.390535508254274, -7.776025048353719 ], [ 110.390161094863984, -7.776115637937576 ], [ 110.389681474722025, -7.776231682782619 ], [ 110.38951070886317, -7.776226750070386 ], [ 110.389296330626067, -7.776220556076085 ], [ 110.389089327551147, -7.776147170725947 ], [ 110.389023188795775, -7.776123722780716 ] ] } },
{ "type": "Feature", "properties": { "nama_jalan": null, "kelas_jalan": 0.0, "lebar_jalan": 0.0 }, "geometry": { "type": "LineString", "coordinates": [ [ 110.405092818867587, -7.783290881565399 ], [ 110.405096975665444, -7.783277770082806 ], [ 110.405505827040102, -7.781988249783164 ], [ 110.406062364593566, -7.780284758708748 ], [ 110.406264684890871, -7.77964791940423 ], [ 110.406295482130147, -7.779451209061677 ], [ 110.406202138088105, -7.779281160274806 ], [ 110.405801588667728, -7.778711146936723 ], [ 110.405546979054037, -7.778314105110516 ], [ 110.405484295234459, -7.778108302846024 ], [ 110.405395122371175, -7.777778770668343 ], [ 110.405329825006206, -7.777572289051641 ], [ 110.405220481816016, -7.77751757082696 ], [ 110.405045838001257, -7.777486692788512 ], [ 110.404644243574467, -7.777427906847092 ], [ 110.404517305555245, -7.777394989783753 ], [ 110.404472263636976, -7.777346106163563 ], [ 110.404457570433451, -7.777258204427875 ], [ 110.404472674676342, -7.777037287237464 ], [ 110.404512693727696, -7.776642007656984 ], [ 110.404527946423684, -7.776172317549707 ], [ 110.404567243284674, -7.775849795424465 ], [ 110.404671472439119, -7.775112714407733 ], [ 110.40471720367043, -7.774741844833699 ], [ 110.404762788967389, -7.7743721328206 ], [ 110.404789231742214, -7.7740715172125 ], [ 110.404788389786418, -7.773986797990098 ], [ 110.404887529983043, -7.773466776760431 ], [ 110.404927230269934, -7.773122627160761 ], [ 110.4050309643182, -7.771897394938172 ], [ 110.40508595411724, -7.771424119617761 ], [ 110.405112272771234, -7.771184857198327 ], [ 110.405113685073729, -7.771154395010416 ], [ 110.405164041104186, -7.770893222633065 ], [ 110.405186348426724, -7.770811838199746 ], [ 110.405224849134171, -7.770558554694563 ], [ 110.405247246226338, -7.770328928919858 ], [ 110.405274047569364, -7.769926944344208 ], [ 110.405263827381688, -7.769740273692291 ], [ 110.40531008472901, -7.769459178036247 ], [ 110.405344313406715, -7.769251222958077 ], [ 110.405403724301465, -7.768902397276619 ], [ 110.4054114633974, -7.76871309155684 ], [ 110.405502948124749, -7.767987117595167 ], [ 110.405570283670286, -7.767465640356117 ], [ 110.40562386730204, -7.767114182425629 ], [ 110.405647865555281, -7.766879303551381 ], [ 110.405693489643213, -7.766423011649959 ], [ 110.405720431088355, -7.766153619550682 ], [ 110.405763370570895, -7.765845122153684 ], [ 110.405791191360166, -7.765531357405886 ], [ 110.405871576931816, -7.764822037015063 ], [ 110.405928865226471, -7.764414495855199 ], [ 110.405941871953871, -7.764335612887998 ], [ 110.406013958020793, -7.764027978340298 ], [ 110.406157916049892, -7.763460313679795 ], [ 110.406193731250795, -7.763335277832978 ], [ 110.406195007218003, -7.763298465712521 ], [ 110.406246900386705, -7.763258837949625 ], [ 110.406348192413546, -7.762902581883426 ], [ 110.406419600340087, -7.762624741100755 ], [ 110.406457820951729, -7.762421114955478 ], [ 110.406462760594309, -7.762371445689726 ], [ 110.40661942241131, -7.761759377561199 ], [ 110.406632473669546, -7.761706119622145 ], [ 110.406679756872506, -7.761513242712996 ], [ 110.406884486000919, -7.760678114784985 ], [ 110.407058657174247, -7.760266159358187 ], [ 110.407077838663625, -7.760233077088485 ] ] } },
{ "type": "Feature", "properties": { "nama_jalan": "Ngringin-Ambarukmo", "kelas_jalan": 0.0, "lebar_jalan": 0.0 }, "geometry": { "type": "LineString", "coordinates": [ [ 110.405092818867587, -7.783290881565399 ], [ 110.405096975665444, -7.783277770082806 ], [ 110.405505827040102, -7.781988249783164 ], [ 110.406062364593566, -7.780284758708748 ], [ 110.406264684890871, -7.77964791940423 ], [ 110.406295482130147, -7.779451209061677 ], [ 110.406202138088105, -7.779281160274806 ], [ 110.405801588667728, -7.778711146936723 ], [ 110.405546979054037, -7.778314105110516 ], [ 110.405484295234459, -7.778108302846024 ], [ 110.405395122371175, -7.777778770668343 ], [ 110.405329825006206, -7.777572289051641 ], [ 110.405220481816016, -7.77751757082696 ], [ 110.405045838001257, -7.777486692788512 ], [ 110.404644243574467, -7.777427906847092 ], [ 110.404517305555245, -7.777394989783753 ], [ 110.404472263636976, -7.777346106163563 ], [ 110.404457570433451, -7.777258204427875 ], [ 110.404472674676342, -7.777037287237464 ], [ 110.404512693727696, -7.776642007656984 ], [ 110.404527946423684, -7.776172317549707 ], [ 110.404567243284674, -7.775849795424465 ], [ 110.404671472439119, -7.775112714407733 ], [ 110.40471720367043, -7.774741844833699 ], [ 110.404762788967389, -7.7743721328206 ], [ 110.404789231742214, -7.7740715172125 ], [ 110.404788389786418, -7.773986797990098 ], [ 110.404887529983043, -7.773466776760431 ], [ 110.404927230269934, -7.773122627160761 ], [ 110.4050309643182, -7.771897394938172 ], [ 110.40508595411724, -7.771424119617761 ], [ 110.405112272771234, -7.771184857198327 ], [ 110.405113685073729, -7.771154395010416 ], [ 110.405164041104186, -7.770893222633065 ], [ 110.405186348426724, -7.770811838199746 ], [ 110.405224849134171, -7.770558554694563 ], [ 110.405247246226338, -7.770328928919858 ], [ 110.405274047569364, -7.769926944344208 ], [ 110.405263827381688, -7.769740273692291 ], [ 110.40531008472901, -7.769459178036247 ], [ 110.405344313406715, -7.769251222958077 ], [ 110.405403724301465, -7.768902397276619 ], [ 110.4054114633974, -7.76871309155684 ], [ 110.405502948124749, -7.767987117595167 ], [ 110.405570283670286, -7.767465640356117 ], [ 110.40562386730204, -7.767114182425629 ], [ 110.405647865555281, -7.766879303551381 ], [ 110.405693489643213, -7.766423011649959 ], [ 110.405720431088355, -7.766153619550682 ], [ 110.405763370570895, -7.765845122153684 ], [ 110.405791191360166, -7.765531357405886 ], [ 110.405871576931816, -7.764822037015063 ], [ 110.405928865226471, -7.764414495855199 ], [ 110.405941871953871, -7.764335612887998 ], [ 110.406013958020793, -7.764027978340298 ], [ 110.406157916049892, -7.763460313679795 ], [ 110.406193731250795, -7.763335277832978 ], [ 110.406195007218003, -7.763298465712521 ], [ 110.406246900386705, -7.763258837949625 ], [ 110.406348192413546, -7.762902581883426 ], [ 110.406419600340087, -7.762624741100755 ], [ 110.406457820951729, -7.762421114955478 ], [ 110.406462760594309, -7.762371445689726 ], [ 110.40661942241131, -7.761759377561199 ], [ 110.406632473669546, -7.761706119622145 ], [ 110.406679756872506, -7.761513242712996 ], [ 110.406884486000919, -7.760678114784985 ], [ 110.407058657174247, -7.760266159358187 ], [ 110.407077838663625, -7.760233077088485 ] ] } },
{ "type": "Feature", "properties": { "nama_jalan": null, "kelas_jalan": 0.0, "lebar_jalan": 0.0 }, "geometry": { "type": "MultiLineString", "coordinates": [ [ [ 110.399503597989494, -7.783239882346826 ], [ 110.399618592803009, -7.782518892118982 ], [ 110.3996768569274, -7.782140479583386 ], [ 110.399740801419298, -7.781627221574849 ], [ 110.399805292971081, -7.781358580900707 ], [ 110.399847872931758, -7.781211937565819 ], [ 110.399882948845857, -7.780933359844983 ], [ 110.399992112448643, -7.780291452043712 ], [ 110.40005024641809, -7.780048724846248 ], [ 110.400140940650587, -7.779440213635952 ], [ 110.400179221634176, -7.779236000702816 ], [ 110.400256464307674, -7.778853291188823 ], [ 110.400349881579999, -7.778383806147549 ], [ 110.400352319566778, -7.778371536201805 ], [ 110.400442313924657, -7.778032315713594 ], [ 110.400507835745159, -7.77770280227652 ], [ 110.400572796348712, -7.777275980085723 ], [ 110.400601270619688, -7.776875454933617 ], [ 110.400596913131736, -7.776603740912246 ], [ 110.400546594052329, -7.776082333382603 ], [ 110.400633559691187, -7.775595319448539 ], [ 110.40067216541955, -7.775442953768636 ], [ 110.401071144306087, -7.77386817342239 ], [ 110.401077017641526, -7.773844998928971 ], [ 110.401169537549237, -7.773431048636534 ], [ 110.401433264571551, -7.77250371306925 ], [ 110.401518091366796, -7.772186464592271 ], [ 110.401528551273771, -7.772107288833931 ], [ 110.40148964418816, -7.772070175035556 ], [ 110.401579399872347, -7.771813745083318 ], [ 110.401613825728305, -7.771641583415302 ], [ 110.401933448870153, -7.770043316046807 ], [ 110.402049395589586, -7.769421045430863 ], [ 110.402058762871476, -7.769371083112176 ], [ 110.402101691977052, -7.769142038260211 ] ], [ [ 110.402095932134969, -7.76908507268369 ], [ 110.402185018389062, -7.768770225994776 ], [ 110.402248793854497, -7.768499059914459 ], [ 110.402309939430339, -7.768202734575942 ], [ 110.402482268051543, -7.767367575201296 ], [ 110.402639385562097, -7.766622880447304 ], [ 110.402710992604511, -7.766387399411926 ], [ 110.402784439996154, -7.766125337162686 ], [ 110.402858498197034, -7.765873786246124 ], [ 110.403271721380349, -7.764486329435813 ], [ 110.403331181793348, -7.76430928112478 ], [ 110.403392745702703, -7.764093955645329 ], [ 110.403405144285074, -7.764022200442166 ], [ 110.403446663904248, -7.763781946346689 ], [ 110.403455896810314, -7.763607740081849 ], [ 110.403473840751204, -7.763269239426876 ], [ 110.403488957423676, -7.763006318136608 ], [ 110.403512929910576, -7.762849435966482 ], [ 110.403551713758034, -7.762556706903009 ], [ 110.403675819966836, -7.762074655190103 ], [ 110.403685305164515, -7.761701997969264 ], [ 110.403694531443179, -7.761339289172887 ], [ 110.403704419738332, -7.760950813383007 ], [ 110.403727549171052, -7.760722066018753 ], [ 110.403762354419726, -7.760355721612457 ], [ 110.403851445576251, -7.759931220381177 ], [ 110.403913716069468, -7.759639066827989 ], [ 110.404088078242438, -7.759279234107457 ] ] ] } },
{ "type": "Feature", "properties": { "nama_jalan": "Gorongan-Gowok", "kelas_jalan": 0.0, "lebar_jalan": 0.0 }, "geometry": { "type": "MultiLineString", "coordinates": [ [ [ 110.399503597989494, -7.783239882346826 ], [ 110.399618592803009, -7.782518892118982 ], [ 110.3996768569274, -7.782140479583386 ], [ 110.399740801419298, -7.781627221574849 ], [ 110.399805292971081, -7.781358580900707 ], [ 110.399847872931758, -7.781211937565819 ], [ 110.399882948845857, -7.780933359844983 ], [ 110.399992112448643, -7.780291452043712 ], [ 110.40005024641809, -7.780048724846248 ], [ 110.400140940650587, -7.779440213635952 ], [ 110.400179221634176, -7.779236000702816 ], [ 110.400256464307674, -7.778853291188823 ], [ 110.400349881579999, -7.778383806147549 ], [ 110.400352319566778, -7.778371536201805 ], [ 110.400442313924657, -7.778032315713594 ], [ 110.400507835745159, -7.77770280227652 ], [ 110.400572796348712, -7.777275980085723 ], [ 110.400601270619688, -7.776875454933617 ], [ 110.400596913131736, -7.776603740912246 ], [ 110.400546594052329, -7.776082333382603 ], [ 110.400633559691187, -7.775595319448539 ], [ 110.40067216541955, -7.775442953768636 ], [ 110.401071144306087, -7.77386817342239 ], [ 110.401077017641526, -7.773844998928971 ], [ 110.401169537549237, -7.773431048636534 ], [ 110.401433264571551, -7.77250371306925 ], [ 110.401518091366796, -7.772186464592271 ], [ 110.401528551273771, -7.772107288833931 ], [ 110.40148964418816, -7.772070175035556 ], [ 110.401579399872347, -7.771813745083318 ], [ 110.401613825728305, -7.771641583415302 ], [ 110.401933448870153, -7.770043316046807 ], [ 110.402049395589586, -7.769421045430863 ], [ 110.402058762871476, -7.769371083112176 ], [ 110.402101691977052, -7.769142038260211 ] ], [ [ 110.402095932134969, -7.76908507268369 ], [ 110.402185018389062, -7.768770225994776 ], [ 110.402248793854497, -7.768499059914459 ], [ 110.402309939430339, -7.768202734575942 ], [ 110.402482268051543, -7.767367575201296 ], [ 110.402639385562097, -7.766622880447304 ], [ 110.402710992604511, -7.766387399411926 ], [ 110.402784439996154, -7.766125337162686 ], [ 110.402858498197034, -7.765873786246124 ], [ 110.403271721380349, -7.764486329435813 ], [ 110.403331181793348, -7.76430928112478 ], [ 110.403392745702703, -7.764093955645329 ], [ 110.403405144285074, -7.764022200442166 ], [ 110.403446663904248, -7.763781946346689 ], [ 110.403455896810314, -7.763607740081849 ], [ 110.403473840751204, -7.763269239426876 ], [ 110.403488957423676, -7.763006318136608 ], [ 110.403512929910576, -7.762849435966482 ], [ 110.403551713758034, -7.762556706903009 ], [ 110.403675819966836, -7.762074655190103 ], [ 110.403685305164515, -7.761701997969264 ], [ 110.403694531443179, -7.761339289172887 ], [ 110.403704419738332, -7.760950813383007 ], [ 110.403727549171052, -7.760722066018753 ], [ 110.403762354419726, -7.760355721612457 ], [ 110.403851445576251, -7.759931220381177 ], [ 110.403913716069468, -7.759639066827989 ], [ 110.404088078242438, -7.759279234107457 ] ] ] } },
{ "type": "Feature", "properties": { "nama_jalan": null, "kelas_jalan": 0.0, "lebar_jalan": 0.0 }, "geometry": { "type": "LineString", "coordinates": [ [ 110.401683162100809, -7.768794531429508 ], [ 110.401745563727772, -7.768872768693527 ], [ 110.402095932134969, -7.76908507268369 ], [ 110.402101691977052, -7.769142038260211 ], [ 110.402133902118265, -7.769131220322869 ], [ 110.402308265680844, -7.769231966557922 ], [ 110.402639710605953, -7.769435180254638 ], [ 110.402961359794716, -7.769647850251294 ], [ 110.40358800022824, -7.770065559203468 ], [ 110.403945702051885, -7.770308046807893 ], [ 110.404387778432977, -7.770617631980148 ], [ 110.404655328134538, -7.770845855037486 ], [ 110.405084515412497, -7.771144784363545 ], [ 110.405113685073729, -7.771154395010416 ] ] } },
{ "type": "Feature", "properties": { "nama_jalan": "Mundu-Pringwulung", "kelas_jalan": 0.0, "lebar_jalan": 0.0 }, "geometry": { "type": "LineString", "coordinates": [ [ 110.401683162100809, -7.768794531429508 ], [ 110.401745563727772, -7.768872768693527 ], [ 110.402095932134969, -7.76908507268369 ], [ 110.402101691977052, -7.769142038260211 ], [ 110.402133902118265, -7.769131220322869 ], [ 110.402308265680844, -7.769231966557922 ], [ 110.402639710605953, -7.769435180254638 ], [ 110.402961359794716, -7.769647850251294 ], [ 110.40358800022824, -7.770065559203468 ], [ 110.403945702051885, -7.770308046807893 ], [ 110.404387778432977, -7.770617631980148 ], [ 110.404655328134538, -7.770845855037486 ], [ 110.405084515412497, -7.771144784363545 ], [ 110.405113685073729, -7.771154395010416 ] ] } },
{ "type": "Feature", "properties": { "nama_jalan": null, "kelas_jalan": 0.0, "lebar_jalan": 0.0 }, "geometry": { "type": "LineString", "coordinates": [ [ 110.388212173421437, -7.780229905785726 ], [ 110.388326623023687, -7.779702845317235 ], [ 110.388393452649098, -7.779408784335464 ], [ 110.388436240642747, -7.779222460741622 ], [ 110.388469744589216, -7.779113705819319 ], [ 110.388540561571745, -7.778734571856973 ], [ 110.388582707093832, -7.778508947034321 ], [ 110.388606156345261, -7.778297848918147 ], [ 110.388606943428442, -7.778292920445028 ], [ 110.388631369981013, -7.7781402915828 ], [ 110.388666468179508, -7.777964477275671 ], [ 110.388688439245456, -7.777854736067588 ], [ 110.388807923430278, -7.777166673452529 ], [ 110.389008971129925, -7.776205244363474 ], [ 110.389023188795775, -7.776123722780716 ], [ 110.389148941661901, -7.775402725606392 ], [ 110.389158657608505, -7.775344868699362 ], [ 110.389171620193935, -7.775267632700672 ], [ 110.389199649243011, -7.775100707647016 ], [ 110.389240419939227, -7.77477786429236 ], [ 110.389303723033862, -7.774494896322625 ], [ 110.389341847264021, -7.774201499246926 ], [ 110.389343137031176, -7.77414995277389 ], [ 110.389369575842892, -7.774054103121534 ], [ 110.389500042750385, -7.773532946135429 ], [ 110.389516655849349, -7.773446669299911 ], [ 110.38954724337718, -7.7732976590807 ], [ 110.389616588655088, -7.772824489150905 ], [ 110.389709252605456, -7.772492800816888 ], [ 110.389791840378493, -7.772031978388079 ], [ 110.389792519908923, -7.772026145239412 ], [ 110.38997736117652, -7.771361899352211 ], [ 110.390042213614052, -7.771072212824987 ], [ 110.39004594944781, -7.770978997910597 ], [ 110.390064397416154, -7.770847155976246 ], [ 110.39008994160271, -7.770735594420699 ], [ 110.390272484363123, -7.770323545653632 ], [ 110.39030195564861, -7.77025702011792 ], [ 110.390340255675468, -7.770194193148824 ], [ 110.390584969151377, -7.769718090572905 ], [ 110.39075724532232, -7.769339707332286 ], [ 110.390963950169365, -7.768895470315099 ], [ 110.391528667970178, -7.767651681663687 ], [ 110.391670884235396, -7.767211595808857 ], [ 110.391753106267203, -7.766938857180841 ], [ 110.391906038134138, -7.766564135100673 ], [ 110.391989748007518, -7.766423259783427 ], [ 110.392033555807046, -7.76630621474381 ], [ 110.392065406649095, -7.766179429049708 ], [ 110.392106190621931, -7.766046126423601 ], [ 110.39241915519176, -7.765359972804151 ], [ 110.392498348222205, -7.765186345597153 ], [ 110.392559246763255, -7.765072563969159 ], [ 110.392677121551429, -7.764947881988872 ], [ 110.392995564644664, -7.764455058780488 ], [ 110.393167343859361, -7.764223910606592 ], [ 110.393629159700112, -7.763488085017414 ], [ 110.393713262736711, -7.763324495593719 ], [ 110.393845978677803, -7.762796031972294 ], [ 110.393853063071575, -7.762706901061573 ], [ 110.393871873306395, -7.762661540135896 ], [ 110.393997690778193, -7.762233937372512 ], [ 110.394078933448611, -7.76186998519534 ], [ 110.394118950068631, -7.761688478581893 ], [ 110.394178538982317, -7.761418248665774 ], [ 110.394222286039877, -7.761285772147692 ], [ 110.394279227579077, -7.761153694308298 ], [ 110.394403185812223, -7.760958712286034 ], [ 110.394793589264424, -7.760343219633159 ], [ 110.394967335621871, -7.759981904270107 ], [ 110.395248397376989, -7.759314236770752 ], [ 110.39533184503766, -7.759170935172476 ], [ 110.395461213872295, -7.758990278935668 ], [ 110.395467862305367, -7.758976847260098 ], [ 110.395697274701149, -7.758513445378679 ], [ 110.395718266021561, -7.758456956444688 ] ] } },
{ "type": "Feature", "properties": { "nama_jalan": "Gejayan-Demangan", "kelas_jalan": 0.0, "lebar_jalan": 0.0 }, "geometry": { "type": "LineString", "coordinates": [ [ 110.388212173421437, -7.780229905785726 ], [ 110.388326623023687, -7.779702845317235 ], [ 110.388393452649098, -7.779408784335464 ], [ 110.388436240642747, -7.779222460741622 ], [ 110.388469744589216, -7.779113705819319 ], [ 110.388540561571745, -7.778734571856973 ], [ 110.388582707093832, -7.778508947034321 ], [ 110.388606156345261, -7.778297848918147 ], [ 110.388606943428442, -7.778292920445028 ], [ 110.388631369981013, -7.7781402915828 ], [ 110.388666468179508, -7.777964477275671 ], [ 110.388688439245456, -7.777854736067588 ], [ 110.388807923430278, -7.777166673452529 ], [ 110.389008971129925, -7.776205244363474 ], [ 110.389023188795775, -7.776123722780716 ], [ 110.389148941661901, -7.775402725606392 ], [ 110.389158657608505, -7.775344868699362 ], [ 110.389171620193935, -7.775267632700672 ], [ 110.389199649243011, -7.775100707647016 ], [ 110.389240419939227, -7.77477786429236 ], [ 110.389303723033862, -7.774494896322625 ], [ 110.389341847264021, -7.774201499246926 ], [ 110.389343137031176, -7.77414995277389 ], [ 110.389369575842892, -7.774054103121534 ], [ 110.389500042750385, -7.773532946135429 ], [ 110.389516655849349, -7.773446669299911 ], [ 110.38954724337718, -7.7732976590807 ], [ 110.389616588655088, -7.772824489150905 ], [ 110.389709252605456, -7.772492800816888 ], [ 110.389791840378493, -7.772031978388079 ], [ 110.389792519908923, -7.772026145239412 ], [ 110.38997736117652, -7.771361899352211 ], [ 110.390042213614052, -7.771072212824987 ], [ 110.39004594944781, -7.770978997910597 ], [ 110.390064397416154, -7.770847155976246 ], [ 110.39008994160271, -7.770735594420699 ], [ 110.390272484363123, -7.770323545653632 ], [ 110.39030195564861, -7.77025702011792 ], [ 110.390340255675468, -7.770194193148824 ], [ 110.390584969151377, -7.769718090572905 ], [ 110.39075724532232, -7.769339707332286 ], [ 110.390963950169365, -7.768895470315099 ], [ 110.391528667970178, -7.767651681663687 ], [ 110.391670884235396, -7.767211595808857 ], [ 110.391753106267203, -7.766938857180841 ], [ 110.391906038134138, -7.766564135100673 ], [ 110.391989748007518, -7.766423259783427 ], [ 110.392033555807046, -7.76630621474381 ], [ 110.392065406649095, -7.766179429049708 ], [ 110.392106190621931, -7.766046126423601 ], [ 110.39241915519176, -7.765359972804151 ], [ 110.392498348222205, -7.765186345597153 ], [ 110.392559246763255, -7.765072563969159 ], [ 110.392677121551429, -7.764947881988872 ], [ 110.392995564644664, -7.764455058780488 ], [ 110.393167343859361, -7.764223910606592 ], [ 110.393629159700112, -7.763488085017414 ], [ 110.393713262736711, -7.763324495593719 ], [ 110.393845978677803, -7.762796031972294 ], [ 110.393853063071575, -7.762706901061573 ], [ 110.393871873306395, -7.762661540135896 ], [ 110.393997690778193, -7.762233937372512 ], [ 110.394078933448611, -7.76186998519534 ], [ 110.394118950068631, -7.761688478581893 ], [ 110.394178538982317, -7.761418248665774 ], [ 110.394222286039877, -7.761285772147692 ], [ 110.394279227579077, -7.761153694308298 ], [ 110.394403185812223, -7.760958712286034 ], [ 110.394793589264424, -7.760343219633159 ], [ 110.394967335621871, -7.759981904270107 ], [ 110.395248397376989, -7.759314236770752 ], [ 110.39533184503766, -7.759170935172476 ], [ 110.395461213872295, -7.758990278935668 ], [ 110.395467862305367, -7.758976847260098 ], [ 110.395697274701149, -7.758513445378679 ], [ 110.395718266021561, -7.758456956444688 ] ] } },
{ "type": "Feature", "properties": { "nama_jalan": null, "kelas_jalan": 0.0, "lebar_jalan": 0.0 }, "geometry": { "type": "MultiLineString", "coordinates": [ [ [ 110.393768656343937, -7.767594118998715 ], [ 110.393601378855791, -7.767581686585777 ], [ 110.393149427144493, -7.767571074663742 ], [ 110.392906037340751, -7.767557123158478 ], [ 110.392754615581239, -7.767541837605944 ], [ 110.392423380137828, -7.767525716103981 ], [ 110.392083192293711, -7.767559782181289 ], [ 110.391987266381889, -7.767676046228743 ], [ 110.391983623249203, -7.767686868978241 ], [ 110.391937902027351, -7.767803070055868 ], [ 110.391802650842479, -7.768116996838817 ], [ 110.391694810805717, -7.768407255432761 ], [ 110.39161688994794, -7.768615598630805 ], [ 110.391474865656377, -7.768947081261283 ], [ 110.391420958865751, -7.769079407096654 ], [ 110.391348025911483, -7.769281271984131 ], [ 110.391263026446282, -7.769373691241305 ], [ 110.391155359812089, -7.76939886343092 ], [ 110.390913036243973, -7.769374410809936 ], [ 110.390804008611369, -7.769342135162639 ], [ 110.39075724532232, -7.769339707332286 ] ], [ [ 110.395874774119278, -7.768022050711526 ], [ 110.395006971681326, -7.767816522175287 ], [ 110.394921768789615, -7.767797088551084 ], [ 110.394679149620714, -7.76775080358588 ], [ 110.394050314869403, -7.767615948641118 ], [ 110.393793416436225, -7.767592770404572 ], [ 110.393768656343937, -7.767594118998715 ] ] ] } },
{ "type": "Feature", "properties": { "nama_jalan": "Cepit-Mrican", "kelas_jalan": 0.0, "lebar_jalan": 0.0 }, "geometry": { "type": "MultiLineString", "coordinates": [ [ [ 110.393768656343937, -7.767594118998715 ], [ 110.393601378855791, -7.767581686585777 ], [ 110.393149427144493, -7.767571074663742 ], [ 110.392906037340751, -7.767557123158478 ], [ 110.392754615581239, -7.767541837605944 ], [ 110.392423380137828, -7.767525716103981 ], [ 110.392083192293711, -7.767559782181289 ], [ 110.391987266381889, -7.767676046228743 ], [ 110.391983623249203, -7.767686868978241 ], [ 110.391937902027351, -7.767803070055868 ], [ 110.391802650842479, -7.768116996838817 ], [ 110.391694810805717, -7.768407255432761 ], [ 110.39161688994794, -7.768615598630805 ], [ 110.391474865656377, -7.768947081261283 ], [ 110.391420958865751, -7.769079407096654 ], [ 110.391348025911483, -7.769281271984131 ], [ 110.391263026446282, -7.769373691241305 ], [ 110.391155359812089, -7.76939886343092 ], [ 110.390913036243973, -7.769374410809936 ], [ 110.390804008611369, -7.769342135162639 ], [ 110.39075724532232, -7.769339707332286 ] ], [ [ 110.395874774119278, -7.768022050711526 ], [ 110.395006971681326, -7.767816522175287 ], [ 110.394921768789615, -7.767797088551084 ], [ 110.394679149620714, -7.76775080358588 ], [ 110.394050314869403, -7.767615948641118 ], [ 110.393793416436225, -7.767592770404572 ], [ 110.393768656343937, -7.767594118998715 ] ] ] } },
{ "type": "Feature", "properties": { "nama_jalan": null, "kelas_jalan": 0.0, "lebar_jalan": 0.0 }, "geometry": { "type": "LineString", "coordinates": [ [ 110.401683162100809, -7.768794531429508 ], [ 110.40167851431751, -7.768791285808408 ], [ 110.400921533024999, -7.768237504927625 ], [ 110.400750713336706, -7.768125972278423 ], [ 110.400413607295036, -7.767892393651096 ], [ 110.40009234034801, -7.767707518260939 ], [ 110.399976974784551, -7.767681703297266 ], [ 110.399179503291393, -7.767741857752527 ], [ 110.398730639859792, -7.767803191449371 ], [ 110.398605113608539, -7.767818137373115 ], [ 110.39860190355931, -7.767817888611249 ], [ 110.398032570625901, -7.767852087422156 ], [ 110.397667299178465, -7.767910119289352 ], [ 110.397656241569891, -7.767912563904056 ], [ 110.397396762891219, -7.767936182959783 ], [ 110.397286496086451, -7.767941507973352 ], [ 110.397056252211144, -7.767968164035932 ], [ 110.39694205040135, -7.767978566761083 ], [ 110.396899401818246, -7.767982449935971 ], [ 110.39674493338805, -7.7680002224524 ], [ 110.396520455787538, -7.768021593172395 ], [ 110.396355184093849, -7.768039594424066 ], [ 110.396117211250015, -7.768055699563128 ], [ 110.396093857375703, -7.768056019140361 ], [ 110.395912849367321, -7.768032044565948 ], [ 110.395874774119278, -7.768022050711526 ] ] } },
{ "type": "Feature", "properties": { "nama_jalan": "Pringwulung-Cepit", "kelas_jalan": 0.0, "lebar_jalan": 0.0 }, "geometry": { "type": "LineString", "coordinates": [ [ 110.401683162100809, -7.768794531429508 ], [ 110.40167851431751, -7.768791285808408 ], [ 110.400921533024999, -7.768237504927625 ], [ 110.400750713336706, -7.768125972278423 ], [ 110.400413607295036, -7.767892393651096 ], [ 110.40009234034801, -7.767707518260939 ], [ 110.399976974784551, -7.767681703297266 ], [ 110.399179503291393, -7.767741857752527 ], [ 110.398730639859792, -7.767803191449371 ], [ 110.398605113608539, -7.767818137373115 ], [ 110.39860190355931, -7.767817888611249 ], [ 110.398032570625901, -7.767852087422156 ], [ 110.397667299178465, -7.767910119289352 ], [ 110.397656241569891, -7.767912563904056 ], [ 110.397396762891219, -7.767936182959783 ], [ 110.397286496086451, -7.767941507973352 ], [ 110.397056252211144, -7.767968164035932 ], [ 110.39694205040135, -7.767978566761083 ], [ 110.396899401818246, -7.767982449935971 ], [ 110.39674493338805, -7.7680002224524 ], [ 110.396520455787538, -7.768021593172395 ], [ 110.396355184093849, -7.768039594424066 ], [ 110.396117211250015, -7.768055699563128 ], [ 110.396093857375703, -7.768056019140361 ], [ 110.395912849367321, -7.768032044565948 ], [ 110.395874774119278, -7.768022050711526 ] ] } },
{ "type": "Feature", "properties": { "nama_jalan": "Nologaten-Soropadan", "kelas_jalan": 0.0, "lebar_jalan": 0.0 }, "geometry": { "type": "MultiLineString", "coordinates": [ [ [ 110.394222286039877, -7.761285772147692 ], [ 110.394222993788901, -7.761469209130848 ], [ 110.394260155272136, -7.761616606910498 ], [ 110.394277183016513, -7.761688703950182 ], [ 110.394288396636739, -7.761736179907369 ], [ 110.394294174979777, -7.761804804768313 ], [ 110.394348806621664, -7.762006707362613 ], [ 110.394381877631204, -7.762172207732999 ], [ 110.39438981483778, -7.762266479618016 ], [ 110.39443878790361, -7.762848342585732 ], [ 110.394333139449188, -7.763423085694323 ] ], [ [ 110.393713262736711, -7.763324495593719 ], [ 110.393944555627726, -7.763310842367612 ], [ 110.393972471985322, -7.763309100254646 ], [ 110.394333139449188, -7.763423085694323 ] ], [ [ 110.394333139449188, -7.763423085694323 ], [ 110.39439585168266, -7.763477961578615 ], [ 110.394612398304233, -7.763560933689028 ], [ 110.395549319808936, -7.763705089694811 ], [ 110.395606131696269, -7.763740546097907 ], [ 110.395715404790039, -7.763833948032981 ], [ 110.395848225428935, -7.764006555755492 ], [ 110.395861997714192, -7.764027912874397 ], [ 110.395978912920285, -7.764136159683933 ], [ 110.396021864840705, -7.764216804099487 ], [ 110.396193893989491, -7.764470114143259 ], [ 110.396322667644299, -7.764682072427498 ], [ 110.396424102020291, -7.765013775227143 ], [ 110.396460764708962, -7.765250846868021 ], [ 110.39645357783435, -7.76533013565681 ], [ 110.396406338081121, -7.765755841844865 ], [ 110.396372914335103, -7.765904769210104 ], [ 110.396353330231875, -7.765965009355925 ], [ 110.396237084267881, -7.766417264565307 ], [ 110.396171219333397, -7.766764813878282 ], [ 110.396140342768703, -7.766927772974273 ], [ 110.396103955128055, -7.767076034883758 ], [ 110.3960744536855, -7.767196221328073 ], [ 110.3960275612625, -7.767384618890618 ], [ 110.395981016356075, -7.767571589609724 ], [ 110.395933006020812, -7.767787013425547 ], [ 110.395874774119278, -7.768022050711526 ], [ 110.395861076305465, -7.768043694413546 ], [ 110.395685815261331, -7.768750614399365 ], [ 110.395643060850261, -7.768936938280773 ], [ 110.39562274841677, -7.76903130383505 ], [ 110.395621897580824, -7.769035861388337 ], [ 110.395610783589731, -7.769063759866484 ], [ 110.395565155124288, -7.769300840207742 ], [ 110.395549583605018, -7.769515912991198 ], [ 110.395401430252249, -7.770025659564078 ], [ 110.395359927317628, -7.770224485584993 ], [ 110.395293727549515, -7.770494390434275 ], [ 110.395043492203527, -7.771415726441273 ], [ 110.394972369733296, -7.77194947973879 ], [ 110.395057918565072, -7.772056623044816 ], [ 110.395146686346138, -7.772101460598216 ], [ 110.39552444502246, -7.772146853293555 ], [ 110.396184470797309, -7.772299542751442 ], [ 110.396285215395949, -7.772276412738288 ], [ 110.396334750403824, -7.772383705430975 ], [ 110.396448505578235, -7.772420164424807 ], [ 110.397095374201484, -7.772527553723939 ], [ 110.397130958568425, -7.772534406196051 ], [ 110.397659648677362, -7.772636290261164 ], [ 110.397806626875337, -7.772664330644434 ], [ 110.397939433139982, -7.772689663571322 ], [ 110.398176898800614, -7.772688933673182 ], [ 110.398480023703385, -7.772687997236742 ], [ 110.399033469445925, -7.772536016781129 ], [ 110.399291855934635, -7.772503738259275 ], [ 110.399724124240151, -7.772745104668652 ], [ 110.399724186359876, -7.772746064449039 ], [ 110.399758251715923, -7.772763785949285 ], [ 110.399858983132148, -7.77283931074088 ], [ 110.399909714845805, -7.772877353141524 ], [ 110.399983275973852, -7.772946762068647 ], [ 110.400165817171981, -7.773119013829368 ], [ 110.400540500270267, -7.773327554631752 ], [ 110.400732075176776, -7.773397138135188 ], [ 110.401142448007235, -7.773424834396513 ], [ 110.401169537549237, -7.773431048636534 ] ] ] } },
{ "type": "Feature", "properties": { "nama_jalan": null, "kelas_jalan": 0.0, "lebar_jalan": 0.0 }, "geometry": { "type": "MultiLineString", "coordinates": [ [ [ 110.394222286039877, -7.761285772147692 ], [ 110.394222993788901, -7.761469209130848 ], [ 110.394260155272136, -7.761616606910498 ], [ 110.394277183016513, -7.761688703950182 ], [ 110.394288396636739, -7.761736179907369 ], [ 110.394294174979777, -7.761804804768313 ], [ 110.394348806621664, -7.762006707362613 ], [ 110.394381877631204, -7.762172207732999 ], [ 110.39438981483778, -7.762266479618016 ], [ 110.39443878790361, -7.762848342585732 ], [ 110.394333139449188, -7.763423085694323 ] ], [ [ 110.393713262736711, -7.763324495593719 ], [ 110.393944555627726, -7.763310842367612 ], [ 110.393972471985322, -7.763309100254646 ], [ 110.394333139449188, -7.763423085694323 ] ], [ [ 110.394333139449188, -7.763423085694323 ], [ 110.39439585168266, -7.763477961578615 ], [ 110.394612398304233, -7.763560933689028 ], [ 110.395549319808936, -7.763705089694811 ], [ 110.395606131696269, -7.763740546097907 ], [ 110.395715404790039, -7.763833948032981 ], [ 110.395848225428935, -7.764006555755492 ], [ 110.395861997714192, -7.764027912874397 ], [ 110.395978912920285, -7.764136159683933 ], [ 110.396021864840705, -7.764216804099487 ], [ 110.396193893989491, -7.764470114143259 ], [ 110.396322667644299, -7.764682072427498 ], [ 110.396424102020291, -7.765013775227143 ], [ 110.396460764708962, -7.765250846868021 ], [ 110.39645357783435, -7.76533013565681 ], [ 110.396406338081121, -7.765755841844865 ], [ 110.396372914335103, -7.765904769210104 ], [ 110.396353330231875, -7.765965009355925 ], [ 110.396237084267881, -7.766417264565307 ], [ 110.396171219333397, -7.766764813878282 ], [ 110.396140342768703, -7.766927772974273 ], [ 110.396103955128055, -7.767076034883758 ], [ 110.3960744536855, -7.767196221328073 ], [ 110.3960275612625, -7.767384618890618 ], [ 110.395981016356075, -7.767571589609724 ], [ 110.395933006020812, -7.767787013425547 ], [ 110.395874774119278, -7.768022050711526 ], [ 110.395861076305465, -7.768043694413546 ], [ 110.395685815261331, -7.768750614399365 ], [ 110.395643060850261, -7.768936938280773 ], [ 110.39562274841677, -7.76903130383505 ], [ 110.395621897580824, -7.769035861388337 ], [ 110.395610783589731, -7.769063759866484 ], [ 110.395565155124288, -7.769300840207742 ], [ 110.395549583605018, -7.769515912991198 ], [ 110.395401430252249, -7.770025659564078 ], [ 110.395359927317628, -7.770224485584993 ], [ 110.395293727549515, -7.770494390434275 ], [ 110.395043492203527, -7.771415726441273 ], [ 110.394972369733296, -7.77194947973879 ], [ 110.395057918565072, -7.772056623044816 ], [ 110.395146686346138, -7.772101460598216 ], [ 110.39552444502246, -7.772146853293555 ], [ 110.396184470797309, -7.772299542751442 ], [ 110.396285215395949, -7.772276412738288 ], [ 110.396334750403824, -7.772383705430975 ], [ 110.396448505578235, -7.772420164424807 ], [ 110.397095374201484, -7.772527553723939 ], [ 110.397130958568425, -7.772534406196051 ], [ 110.397659648677362, -7.772636290261164 ], [ 110.397806626875337, -7.772664330644434 ], [ 110.397939433139982, -7.772689663571322 ], [ 110.398176898800614, -7.772688933673182 ], [ 110.398480023703385, -7.772687997236742 ], [ 110.399033469445925, -7.772536016781129 ], [ 110.399291855934635, -7.772503738259275 ], [ 110.399724124240151, -7.772745104668652 ], [ 110.399724186359876, -7.772746064449039 ], [ 110.399758251715923, -7.772763785949285 ], [ 110.399858983132148, -7.77283931074088 ], [ 110.399909714845805, -7.772877353141524 ], [ 110.399983275973852, -7.772946762068647 ], [ 110.400165817171981, -7.773119013829368 ], [ 110.400540500270267, -7.773327554631752 ], [ 110.400732075176776, -7.773397138135188 ], [ 110.401142448007235, -7.773424834396513 ], [ 110.401169537549237, -7.773431048636534 ] ] ] } },
{ "type": "Feature", "properties": { "nama_jalan": null, "kelas_jalan": 0.0, "lebar_jalan": 0.0 }, "geometry": { "type": "LineString", "coordinates": [ [ 110.390351011179291, -7.759760558402656 ], [ 110.390349490653307, -7.759767273160183 ], [ 110.390281441695564, -7.760060464975469 ], [ 110.390113724551227, -7.760589402622766 ], [ 110.390077142262214, -7.760664135556635 ], [ 110.390051537980057, -7.760797820680056 ], [ 110.390051362145812, -7.76080655986144 ], [ 110.389868515934069, -7.761468747032188 ], [ 110.389838747754126, -7.761553575060273 ], [ 110.389810063795679, -7.761666345137013 ], [ 110.389805461030818, -7.76168231228491 ], [ 110.389736546036488, -7.761921494048472 ], [ 110.389692039597591, -7.762032441421828 ], [ 110.389654711144246, -7.762304285325928 ], [ 110.3895741745647, -7.762578455126447 ], [ 110.389522918453764, -7.762729370572486 ], [ 110.38952369955021, -7.762759349157097 ], [ 110.389353494430551, -7.763225427911814 ], [ 110.389300197141793, -7.763420048393845 ], [ 110.389242258210032, -7.763582117720679 ], [ 110.38923821439154, -7.76360663333431 ], [ 110.388689276291956, -7.7650448836706 ], [ 110.388605530834639, -7.765303961231515 ], [ 110.388551494711251, -7.765482869057037 ], [ 110.388467858115973, -7.765723603154226 ], [ 110.388316531681042, -7.766176620068553 ], [ 110.388301341801935, -7.766201978915549 ], [ 110.388173496778094, -7.766503514150874 ], [ 110.388092406221062, -7.766694774802033 ], [ 110.387664594776737, -7.768026066594419 ], [ 110.387633078123244, -7.768115206391909 ] ] } },
{ "type": "Feature", "properties": { "nama_jalan": "Gandok-Klebengan", "kelas_jalan": 0.0, "lebar_jalan": 0.0 }, "geometry": { "type": "LineString", "coordinates": [ [ 110.390351011179291, -7.759760558402656 ], [ 110.390349490653307, -7.759767273160183 ], [ 110.390281441695564, -7.760060464975469 ], [ 110.390113724551227, -7.760589402622766 ], [ 110.390077142262214, -7.760664135556635 ], [ 110.390051537980057, -7.760797820680056 ], [ 110.390051362145812, -7.76080655986144 ], [ 110.389868515934069, -7.761468747032188 ], [ 110.389838747754126, -7.761553575060273 ], [ 110.389810063795679, -7.761666345137013 ], [ 110.389805461030818, -7.76168231228491 ], [ 110.389736546036488, -7.761921494048472 ], [ 110.389692039597591, -7.762032441421828 ], [ 110.389654711144246, -7.762304285325928 ], [ 110.3895741745647, -7.762578455126447 ], [ 110.389522918453764, -7.762729370572486 ], [ 110.38952369955021, -7.762759349157097 ], [ 110.389353494430551, -7.763225427911814 ], [ 110.389300197141793, -7.763420048393845 ], [ 110.389242258210032, -7.763582117720679 ], [ 110.38923821439154, -7.76360663333431 ], [ 110.388689276291956, -7.7650448836706 ], [ 110.388605530834639, -7.765303961231515 ], [ 110.388551494711251, -7.765482869057037 ], [ 110.388467858115973, -7.765723603154226 ], [ 110.388316531681042, -7.766176620068553 ], [ 110.388301341801935, -7.766201978915549 ], [ 110.388173496778094, -7.766503514150874 ], [ 110.388092406221062, -7.766694774802033 ], [ 110.387664594776737, -7.768026066594419 ], [ 110.387633078123244, -7.768115206391909 ] ] } },
{ "type": "Feature", "properties": { "nama_jalan": "Kentungan-Condongcatur", "kelas_jalan": 0.0, "lebar_jalan": 0.0 }, "geometry": { "type": "LineString", "coordinates": [ [ 110.384050384828655, -7.753666149180993 ], [ 110.384051672035028, -7.75366589416083 ], [ 110.3840712608296, -7.75370289908485 ], [ 110.385392650422659, -7.754107453690597 ], [ 110.385661420553603, -7.754166978831436 ], [ 110.385724581790043, -7.754175037845259 ], [ 110.386031331352697, -7.754272770929022 ], [ 110.386718388029067, -7.754491677131444 ], [ 110.386986648060841, -7.754578787558482 ], [ 110.387222243567024, -7.754646070856945 ], [ 110.387322548236881, -7.754681084308678 ], [ 110.387353276422104, -7.754716802634277 ], [ 110.387364584856428, -7.754728820928461 ], [ 110.387459949063839, -7.754830228650957 ], [ 110.387644890636068, -7.755002504689052 ], [ 110.387880716981982, -7.755130554260777 ], [ 110.388002580563011, -7.755162541300927 ], [ 110.388126880549081, -7.755159002424628 ], [ 110.388291689720987, -7.755042773812929 ], [ 110.388363690609111, -7.755013624319288 ], [ 110.388625093108672, -7.755089817255945 ], [ 110.388973245780733, -7.755192210861261 ], [ 110.389601339861628, -7.755381359860916 ], [ 110.389673270587153, -7.755400882961917 ], [ 110.389671750374035, -7.755418084679501 ], [ 110.390288903562592, -7.755596715590748 ], [ 110.390502982713528, -7.755670550307115 ], [ 110.390731472283406, -7.755730358409662 ], [ 110.39083625659751, -7.755751484114543 ], [ 110.391079363239186, -7.755812488826939 ], [ 110.39131559129963, -7.75588364128842 ], [ 110.391376841369393, -7.755901737794296 ], [ 110.391437066652344, -7.755908499235836 ], [ 110.391477044713227, -7.755931395431733 ], [ 110.392198786058557, -7.756137706681913 ], [ 110.392373186782464, -7.756194487973044 ], [ 110.392615696895703, -7.756273436600442 ], [ 110.393450205122235, -7.756508127644225 ], [ 110.393635542070896, -7.756571282779428 ], [ 110.39385355254953, -7.756633878346158 ], [ 110.393960595135212, -7.756663426672762 ], [ 110.394409224606136, -7.756781626219853 ], [ 110.394448969149295, -7.756810093645744 ], [ 110.394533248873145, -7.756839384221705 ], [ 110.394758959810147, -7.756909009350476 ], [ 110.3949616646061, -7.756983603637701 ], [ 110.394990231675621, -7.756989478383304 ], [ 110.395307249700537, -7.757076509298793 ], [ 110.395518899341582, -7.757142713079467 ], [ 110.395915764179847, -7.757289310871465 ] ] } },
{ "type": "Feature", "properties": { "nama_jalan": null, "kelas_jalan": 0.0, "lebar_jalan": 0.0 }, "geometry": { "type": "LineString", "coordinates": [ [ 110.384050384828655, -7.753666149180993 ], [ 110.384051672035028, -7.75366589416083 ], [ 110.3840712608296, -7.75370289908485 ], [ 110.385392650422659, -7.754107453690597 ], [ 110.385661420553603, -7.754166978831436 ], [ 110.385724581790043, -7.754175037845259 ], [ 110.386031331352697, -7.754272770929022 ], [ 110.386718388029067, -7.754491677131444 ], [ 110.386986648060841, -7.754578787558482 ], [ 110.387222243567024, -7.754646070856945 ], [ 110.387322548236881, -7.754681084308678 ], [ 110.387353276422104, -7.754716802634277 ], [ 110.387364584856428, -7.754728820928461 ], [ 110.387459949063839, -7.754830228650957 ], [ 110.387644890636068, -7.755002504689052 ], [ 110.387880716981982, -7.755130554260777 ], [ 110.388002580563011, -7.755162541300927 ], [ 110.388126880549081, -7.755159002424628 ], [ 110.388291689720987, -7.755042773812929 ], [ 110.388363690609111, -7.755013624319288 ], [ 110.388625093108672, -7.755089817255945 ], [ 110.388973245780733, -7.755192210861261 ], [ 110.389601339861628, -7.755381359860916 ], [ 110.389673270587153, -7.755400882961917 ], [ 110.389671750374035, -7.755418084679501 ], [ 110.390288903562592, -7.755596715590748 ], [ 110.390502982713528, -7.755670550307115 ], [ 110.390731472283406, -7.755730358409662 ], [ 110.39083625659751, -7.755751484114543 ], [ 110.391079363239186, -7.755812488826939 ], [ 110.39131559129963, -7.75588364128842 ], [ 110.391376841369393, -7.755901737794296 ], [ 110.391437066652344, -7.755908499235836 ], [ 110.391477044713227, -7.755931395431733 ], [ 110.392198786058557, -7.756137706681913 ], [ 110.392373186782464, -7.756194487973044 ], [ 110.392615696895703, -7.756273436600442 ], [ 110.393450205122235, -7.756508127644225 ], [ 110.393635542070896, -7.756571282779428 ], [ 110.39385355254953, -7.756633878346158 ], [ 110.393960595135212, -7.756663426672762 ], [ 110.394409224606136, -7.756781626219853 ], [ 110.394448969149295, -7.756810093645744 ], [ 110.394533248873145, -7.756839384221705 ], [ 110.394758959810147, -7.756909009350476 ], [ 110.3949616646061, -7.756983603637701 ], [ 110.394990231675621, -7.756989478383304 ], [ 110.395307249700537, -7.757076509298793 ], [ 110.395518899341582, -7.757142713079467 ], [ 110.395915764179847, -7.757289310871465 ] ] } },
{ "type": "Feature", "properties": { "nama_jalan": "Kentungan-Blimbingsari", "kelas_jalan": 0.0, "lebar_jalan": 0.0 }, "geometry": { "type": "MultiLineString", "coordinates": [ [ [ 110.383362806924239, -7.754926016402532 ], [ 110.383331611083364, -7.754951995018307 ], [ 110.383198966370855, -7.755081238959987 ], [ 110.383035311707374, -7.75535652613926 ], [ 110.382962672972297, -7.755536265580097 ], [ 110.382802733842368, -7.75583799609401 ], [ 110.38278711970959, -7.755849007631651 ], [ 110.382725177578877, -7.755956982023429 ], [ 110.382665491243515, -7.756041630424672 ], [ 110.382477455012264, -7.756357141917285 ], [ 110.382443233970193, -7.756410295833703 ], [ 110.382359300367867, -7.756580286160116 ], [ 110.382284834262578, -7.756774603564668 ], [ 110.382234141338387, -7.756961031907562 ], [ 110.382210799907654, -7.757071981999232 ], [ 110.382155732351237, -7.757191796405859 ], [ 110.382017326622616, -7.757495275444623 ], [ 110.381807522107735, -7.757955767630578 ], [ 110.381792888265494, -7.758008958974125 ], [ 110.381701948784283, -7.758263176391879 ], [ 110.381587910247745, -7.758498791426111 ], [ 110.381378469561625, -7.758956595615753 ], [ 110.381229556931203, -7.759282112883854 ], [ 110.381223469638357, -7.759289186380192 ], [ 110.381180485729089, -7.759393993286421 ], [ 110.381093108581837, -7.759661267832857 ], [ 110.38102944476023, -7.75986060258311 ], [ 110.381022229278074, -7.759883195903657 ], [ 110.38101905937539, -7.759898956980168 ], [ 110.380960260045427, -7.760051725337103 ], [ 110.380808482715338, -7.760376641238332 ], [ 110.380684532842707, -7.760690860990101 ], [ 110.380606434062486, -7.760888844988152 ], [ 110.380524726548884, -7.761098112048806 ], [ 110.380428303568422, -7.761335523324839 ], [ 110.380382637944393, -7.761425221717384 ], [ 110.380260126209706, -7.761668511362185 ], [ 110.38022793820663, -7.761732422670247 ], [ 110.379940530832613, -7.76240677957052 ], [ 110.379935588175556, -7.762419376524399 ] ], [ [ 110.379415923087294, -7.763709697288138 ], [ 110.379415449423561, -7.763710857677235 ], [ 110.379347159562002, -7.763909172222472 ], [ 110.379145405346009, -7.764378871336586 ], [ 110.379070860859585, -7.76453243127567 ], [ 110.378961406907408, -7.764792726225416 ], [ 110.378825751877741, -7.765129062427188 ], [ 110.37866316290183, -7.765581533159073 ], [ 110.378602067604504, -7.76572241687671 ], [ 110.378522231432356, -7.765906518897582 ], [ 110.37849337082973, -7.765973066111615 ], [ 110.378268172582267, -7.766528994723388 ], [ 110.378045969552574, -7.767088346600246 ], [ 110.377858938057344, -7.767515626565737 ], [ 110.377584994938587, -7.768229541617443 ], [ 110.377516267745975, -7.768453920431625 ], [ 110.377366143042039, -7.768778220985052 ], [ 110.377200979139189, -7.769204050963456 ], [ 110.377148043204954, -7.76934103870789 ] ], [ [ 110.375820158771035, -7.772521748151062 ], [ 110.37580098220829, -7.772568332663398 ], [ 110.375715879974862, -7.772787832425716 ], [ 110.37538775742992, -7.773583203927368 ], [ 110.37537626295854, -7.773611073159007 ], [ 110.375260875953686, -7.773876025246695 ], [ 110.375172181248416, -7.774114288203666 ], [ 110.375133690123988, -7.774195447788931 ], [ 110.37500024967018, -7.774483270953758 ], [ 110.375000233289725, -7.774483308919192 ], [ 110.374931986802153, -7.774630502066658 ], [ 110.374771601247019, -7.774961690153225 ] ] ] } },
{ "type": "Feature", "properties": { "nama_jalan": null, "kelas_jalan": 0.0, "lebar_jalan": 0.0 }, "geometry": { "type": "MultiLineString", "coordinates": [ [ [ 110.383362806924239, -7.754926016402532 ], [ 110.383331611083364, -7.754951995018307 ], [ 110.383198966370855, -7.755081238959987 ], [ 110.383035311707374, -7.75535652613926 ], [ 110.382962672972297, -7.755536265580097 ], [ 110.382802733842368, -7.75583799609401 ], [ 110.38278711970959, -7.755849007631651 ], [ 110.382725177578877, -7.755956982023429 ], [ 110.382665491243515, -7.756041630424672 ], [ 110.382477455012264, -7.756357141917285 ], [ 110.382443233970193, -7.756410295833703 ], [ 110.382359300367867, -7.756580286160116 ], [ 110.382284834262578, -7.756774603564668 ], [ 110.382234141338387, -7.756961031907562 ], [ 110.382210799907654, -7.757071981999232 ], [ 110.382155732351237, -7.757191796405859 ], [ 110.382017326622616, -7.757495275444623 ], [ 110.381807522107735, -7.757955767630578 ], [ 110.381792888265494, -7.758008958974125 ], [ 110.381701948784283, -7.758263176391879 ], [ 110.381587910247745, -7.758498791426111 ], [ 110.381378469561625, -7.758956595615753 ], [ 110.381229556931203, -7.759282112883854 ], [ 110.381223469638357, -7.759289186380192 ], [ 110.381180485729089, -7.759393993286421 ], [ 110.381093108581837, -7.759661267832857 ], [ 110.38102944476023, -7.75986060258311 ], [ 110.381022229278074, -7.759883195903657 ], [ 110.38101905937539, -7.759898956980168 ], [ 110.380960260045427, -7.760051725337103 ], [ 110.380808482715338, -7.760376641238332 ], [ 110.380684532842707, -7.760690860990101 ], [ 110.380606434062486, -7.760888844988152 ], [ 110.380524726548884, -7.761098112048806 ], [ 110.380428303568422, -7.761335523324839 ], [ 110.380382637944393, -7.761425221717384 ], [ 110.380260126209706, -7.761668511362185 ], [ 110.38022793820663, -7.761732422670247 ], [ 110.379940530832613, -7.76240677957052 ], [ 110.379935588175556, -7.762419376524399 ] ], [ [ 110.379415923087294, -7.763709697288138 ], [ 110.379415449423561, -7.763710857677235 ], [ 110.379347159562002, -7.763909172222472 ], [ 110.379145405346009, -7.764378871336586 ], [ 110.379070860859585, -7.76453243127567 ], [ 110.378961406907408, -7.764792726225416 ], [ 110.378825751877741, -7.765129062427188 ], [ 110.37866316290183, -7.765581533159073 ], [ 110.378602067604504, -7.76572241687671 ], [ 110.378522231432356, -7.765906518897582 ], [ 110.37849337082973, -7.765973066111615 ], [ 110.378268172582267, -7.766528994723388 ], [ 110.378045969552574, -7.767088346600246 ], [ 110.377858938057344, -7.767515626565737 ], [ 110.377584994938587, -7.768229541617443 ], [ 110.377516267745975, -7.768453920431625 ], [ 110.377366143042039, -7.768778220985052 ], [ 110.377200979139189, -7.769204050963456 ], [ 110.377148043204954, -7.76934103870789 ] ], [ [ 110.375820158771035, -7.772521748151062 ], [ 110.37580098220829, -7.772568332663398 ], [ 110.375715879974862, -7.772787832425716 ], [ 110.37538775742992, -7.773583203927368 ], [ 110.37537626295854, -7.773611073159007 ], [ 110.375260875953686, -7.773876025246695 ], [ 110.375172181248416, -7.774114288203666 ], [ 110.375133690123988, -7.774195447788931 ], [ 110.37500024967018, -7.774483270953758 ], [ 110.375000233289725, -7.774483308919192 ], [ 110.374931986802153, -7.774630502066658 ], [ 110.374771601247019, -7.774961690153225 ] ] ] } },
{ "type": "Feature", "properties": { "nama_jalan": null, "kelas_jalan": 0.0, "lebar_jalan": 0.0 }, "geometry": { "type": "LineString", "coordinates": [ [ 110.37852230216933, -7.765906519000995 ], [ 110.378517901667237, -7.765904865448048 ], [ 110.378516715340112, -7.765904330050526 ], [ 110.378395621598841, -7.765864815695481 ], [ 110.378365950703426, -7.765850833751035 ], [ 110.37801593658159, -7.76574085572246 ], [ 110.377352309939994, -7.76544854259027 ] ] } },
{ "type": "Feature", "properties": { "nama_jalan": "Karangjati-Kocoran", "kelas_jalan": 0.0, "lebar_jalan": 0.0 }, "geometry": { "type": "LineString", "coordinates": [ [ 110.37852230216933, -7.765906519000995 ], [ 110.378517901667237, -7.765904865448048 ], [ 110.378516715340112, -7.765904330050526 ], [ 110.378395621598841, -7.765864815695481 ], [ 110.378365950703426, -7.765850833751035 ], [ 110.37801593658159, -7.76574085572246 ], [ 110.377352309939994, -7.76544854259027 ] ] } },
{ "type": "Feature", "properties": { "nama_jalan": "Mancasan Kidul-Mancasan Lor", "kelas_jalan": 0.0, "lebar_jalan": 0.0 }, "geometry": { "type": "LineString", "coordinates": [ [ 110.408802715152987, -7.757920725583608 ], [ 110.408826000242726, -7.757936171842971 ], [ 110.409398669080872, -7.758140520030766 ], [ 110.409641216148671, -7.758222561821259 ], [ 110.410142089395734, -7.758309139625966 ], [ 110.410501495337257, -7.758385627261197 ], [ 110.410857398431176, -7.758497113749325 ], [ 110.410946736708652, -7.758513943907769 ], [ 110.410967342561719, -7.758519281962044 ], [ 110.411102564282544, -7.758554320262885 ], [ 110.411792386261382, -7.75871898340584 ], [ 110.412307308761683, -7.758876374908482 ], [ 110.412534350593148, -7.758924185673576 ], [ 110.412557875803472, -7.758930775921522 ], [ 110.41254746656405, -7.759000771372222 ], [ 110.412452538967642, -7.759639231161269 ], [ 110.412439135621113, -7.759730460590147 ], [ 110.412412969723007, -7.759908596725542 ], [ 110.412311775982815, -7.760296287811316 ], [ 110.412250060017982, -7.760579091041047 ], [ 110.412158111674529, -7.76109531800819 ], [ 110.412116104928742, -7.761251986049687 ], [ 110.411992344353195, -7.761713563131193 ], [ 110.41198670070159, -7.761734532944479 ] ] } },
{ "type": "Feature", "properties": { "nama_jalan": null, "kelas_jalan": 0.0, "lebar_jalan": 0.0 }, "geometry": { "type": "LineString", "coordinates": [ [ 110.408802715152987, -7.757920725583608 ], [ 110.408826000242726, -7.757936171842971 ], [ 110.409398669080872, -7.758140520030766 ], [ 110.409641216148671, -7.758222561821259 ], [ 110.410142089395734, -7.758309139625966 ], [ 110.410501495337257, -7.758385627261197 ], [ 110.410857398431176, -7.758497113749325 ], [ 110.410946736708652, -7.758513943907769 ], [ 110.410967342561719, -7.758519281962044 ], [ 110.411102564282544, -7.758554320262885 ], [ 110.411792386261382, -7.75871898340584 ], [ 110.412307308761683, -7.758876374908482 ], [ 110.412534350593148, -7.758924185673576 ], [ 110.412557875803472, -7.758930775921522 ], [ 110.41254746656405, -7.759000771372222 ], [ 110.412452538967642, -7.759639231161269 ], [ 110.412439135621113, -7.759730460590147 ], [ 110.412412969723007, -7.759908596725542 ], [ 110.412311775982815, -7.760296287811316 ], [ 110.412250060017982, -7.760579091041047 ], [ 110.412158111674529, -7.76109531800819 ], [ 110.412116104928742, -7.761251986049687 ], [ 110.411992344353195, -7.761713563131193 ], [ 110.41198670070159, -7.761734532944479 ] ] } },
{ "type": "Feature", "properties": { "nama_jalan": null, "kelas_jalan": 0.0, "lebar_jalan": 0.0 }, "geometry": { "type": "LineString", "coordinates": [ [ 110.420327049941278, -7.752994603762033 ], [ 110.420265854407788, -7.753418216227953 ], [ 110.420217543562018, -7.753644343131118 ], [ 110.420090481234041, -7.754123485745639 ], [ 110.42004582644816, -7.754355742101253 ], [ 110.419980625033133, -7.754684420432584 ], [ 110.419908405214002, -7.755040259178958 ], [ 110.41983204243185, -7.755467098051032 ], [ 110.419762763823954, -7.755793427136608 ], [ 110.419757564196985, -7.755821613965855 ], [ 110.419711532084762, -7.756034874329723 ], [ 110.419669902631085, -7.756227732885615 ], [ 110.419508995209867, -7.756903914159577 ], [ 110.419462249044656, -7.757172113184402 ], [ 110.419384156254267, -7.757498157856753 ], [ 110.419245201046166, -7.758168653208663 ], [ 110.419222490813468, -7.758322181794767 ], [ 110.419180639290644, -7.758605122974163 ], [ 110.419113816386442, -7.758899616056587 ], [ 110.4190859147824, -7.759009748583622 ], [ 110.419040770630914, -7.759187977015894 ], [ 110.419022125961646, -7.75937903154756 ], [ 110.419016064426486, -7.759467530616721 ], [ 110.419011252377032, -7.75953766962227 ], [ 110.418904536403346, -7.759935883809914 ], [ 110.418819294589596, -7.76026251639138 ], [ 110.418713526409149, -7.760777875338882 ], [ 110.418586020146037, -7.761422453260979 ], [ 110.418526661269041, -7.761722546289704 ], [ 110.418439247010724, -7.76216442884237 ], [ 110.418436764623991, -7.762175822405719 ], [ 110.418210277568789, -7.763112868044571 ], [ 110.418206498833555, -7.763128504745865 ] ] } },
{ "type": "Feature", "properties": { "nama_jalan": "Pugeran-Paingan", "kelas_jalan": 0.0, "lebar_jalan": 0.0 }, "geometry": { "type": "LineString", "coordinates": [ [ 110.420327049941278, -7.752994603762033 ], [ 110.420265854407788, -7.753418216227953 ], [ 110.420217543562018, -7.753644343131118 ], [ 110.420090481234041, -7.754123485745639 ], [ 110.42004582644816, -7.754355742101253 ], [ 110.419980625033133, -7.754684420432584 ], [ 110.419908405214002, -7.755040259178958 ], [ 110.41983204243185, -7.755467098051032 ], [ 110.419762763823954, -7.755793427136608 ], [ 110.419757564196985, -7.755821613965855 ], [ 110.419711532084762, -7.756034874329723 ], [ 110.419669902631085, -7.756227732885615 ], [ 110.419508995209867, -7.756903914159577 ], [ 110.419462249044656, -7.757172113184402 ], [ 110.419384156254267, -7.757498157856753 ], [ 110.419245201046166, -7.758168653208663 ], [ 110.419222490813468, -7.758322181794767 ], [ 110.419180639290644, -7.758605122974163 ], [ 110.419113816386442, -7.758899616056587 ], [ 110.4190859147824, -7.759009748583622 ], [ 110.419040770630914, -7.759187977015894 ], [ 110.419022125961646, -7.75937903154756 ], [ 110.419016064426486, -7.759467530616721 ], [ 110.419011252377032, -7.75953766962227 ], [ 110.418904536403346, -7.759935883809914 ], [ 110.418819294589596, -7.76026251639138 ], [ 110.418713526409149, -7.760777875338882 ], [ 110.418586020146037, -7.761422453260979 ], [ 110.418526661269041, -7.761722546289704 ], [ 110.418439247010724, -7.76216442884237 ], [ 110.418436764623991, -7.762175822405719 ], [ 110.418210277568789, -7.763112868044571 ], [ 110.418206498833555, -7.763128504745865 ] ] } },
{ "type": "Feature", "properties": { "nama_jalan": "Pugeran-Kayen", "kelas_jalan": 0.0, "lebar_jalan": 0.0 }, "geometry": { "type": "LineString", "coordinates": [ [ 110.422190624819308, -7.764067605846772 ], [ 110.422243737632286, -7.764017188561256 ], [ 110.422281942669059, -7.763713348557672 ], [ 110.422296952119225, -7.76348723960621 ], [ 110.422368277432071, -7.763003434939631 ], [ 110.422399586961419, -7.762635320216718 ], [ 110.422443199775785, -7.762122633591135 ], [ 110.422480620622821, -7.761727933311411 ], [ 110.422490650893522, -7.761622189418682 ], [ 110.422552827660908, -7.76107733603815 ], [ 110.422559720148925, -7.761037330284133 ], [ 110.422594657889093, -7.760834556933204 ], [ 110.422628941122852, -7.760706007693491 ], [ 110.422639623181496, -7.760513982397978 ], [ 110.422646298319748, -7.760393971447159 ], [ 110.422713456838622, -7.759186997117603 ], [ 110.422713698630375, -7.759102804608536 ], [ 110.422713954844767, -7.759014685591946 ], [ 110.422714262132132, -7.758909065967126 ], [ 110.422753582647118, -7.758611079557409 ], [ 110.42287646007, -7.757883332717629 ], [ 110.422892101959945, -7.757778157196415 ], [ 110.422956428273537, -7.757304583684017 ], [ 110.423025277109005, -7.756506157413728 ], [ 110.423063573564306, -7.756293762574667 ], [ 110.42307851076167, -7.756193852199765 ], [ 110.423062972242249, -7.756163357811319 ], [ 110.422905392447859, -7.756145270844379 ], [ 110.422814004064819, -7.756120090779784 ], [ 110.422780559689997, -7.756045458593242 ], [ 110.42278049127043, -7.755856152124148 ], [ 110.422780456160297, -7.755768810586456 ], [ 110.422781483731171, -7.755500631334794 ], [ 110.422808503072474, -7.755205857307855 ], [ 110.422808990438824, -7.755174308261487 ], [ 110.42282862215167, -7.755075986264828 ], [ 110.422964747204702, -7.754394252073839 ], [ 110.423102240744896, -7.753919192859108 ], [ 110.423263394783532, -7.753343050959912 ], [ 110.423269475882151, -7.753312667272039 ], [ 110.422257176941542, -7.753187312158 ], [ 110.421957561880802, -7.753150227175967 ], [ 110.421821039078097, -7.753133326262255 ], [ 110.420988921301387, -7.753077317332034 ], [ 110.420676095696038, -7.753039264654855 ], [ 110.420327049941278, -7.752994603762033 ], [ 110.420327332653429, -7.752973564985401 ], [ 110.420296277717355, -7.752962479409081 ], [ 110.419981992976474, -7.752917267675058 ], [ 110.419580126582972, -7.752856433755322 ], [ 110.419575145605009, -7.752852148581345 ], [ 110.41956965137868, -7.752804815647858 ], [ 110.419566582021631, -7.752390867364717 ], [ 110.419552635186491, -7.75209910413757 ], [ 110.419511781974236, -7.751244556452023 ], [ 110.419491744073738, -7.75074538727023 ], [ 110.41948328063782, -7.750534676590391 ], [ 110.419475669609753, -7.75041733173951 ], [ 110.41946461265313, -7.750246932028493 ], [ 110.419469422338267, -7.750004204010025 ], [ 110.419469503187116, -7.75000013106159 ], [ 110.419472494016276, -7.749822709700473 ] ] } },
{ "type": "Feature", "properties": { "nama_jalan": null, "kelas_jalan": 0.0, "lebar_jalan": 0.0 }, "geometry": { "type": "LineString", "coordinates": [ [ 110.422190624819308, -7.764067605846772 ], [ 110.422243737632286, -7.764017188561256 ], [ 110.422281942669059, -7.763713348557672 ], [ 110.422296952119225, -7.76348723960621 ], [ 110.422368277432071, -7.763003434939631 ], [ 110.422399586961419, -7.762635320216718 ], [ 110.422443199775785, -7.762122633591135 ], [ 110.422480620622821, -7.761727933311411 ], [ 110.422490650893522, -7.761622189418682 ], [ 110.422552827660908, -7.76107733603815 ], [ 110.422559720148925, -7.761037330284133 ], [ 110.422594657889093, -7.760834556933204 ], [ 110.422628941122852, -7.760706007693491 ], [ 110.422639623181496, -7.760513982397978 ], [ 110.422646298319748, -7.760393971447159 ], [ 110.422713456838622, -7.759186997117603 ], [ 110.422713698630375, -7.759102804608536 ], [ 110.422713954844767, -7.759014685591946 ], [ 110.422714262132132, -7.758909065967126 ], [ 110.422753582647118, -7.758611079557409 ], [ 110.42287646007, -7.757883332717629 ], [ 110.422892101959945, -7.757778157196415 ], [ 110.422956428273537, -7.757304583684017 ], [ 110.423025277109005, -7.756506157413728 ], [ 110.423063573564306, -7.756293762574667 ], [ 110.42307851076167, -7.756193852199765 ], [ 110.423062972242249, -7.756163357811319 ], [ 110.422905392447859, -7.756145270844379 ], [ 110.422814004064819, -7.756120090779784 ], [ 110.422780559689997, -7.756045458593242 ], [ 110.42278049127043, -7.755856152124148 ], [ 110.422780456160297, -7.755768810586456 ], [ 110.422781483731171, -7.755500631334794 ], [ 110.422808503072474, -7.755205857307855 ], [ 110.422808990438824, -7.755174308261487 ], [ 110.42282862215167, -7.755075986264828 ], [ 110.422964747204702, -7.754394252073839 ], [ 110.423102240744896, -7.753919192859108 ], [ 110.423263394783532, -7.753343050959912 ], [ 110.423269475882151, -7.753312667272039 ], [ 110.422257176941542, -7.753187312158 ], [ 110.421957561880802, -7.753150227175967 ], [ 110.421821039078097, -7.753133326262255 ], [ 110.420988921301387, -7.753077317332034 ], [ 110.420676095696038, -7.753039264654855 ], [ 110.420327049941278, -7.752994603762033 ], [ 110.420327332653429, -7.752973564985401 ], [ 110.420296277717355, -7.752962479409081 ], [ 110.419981992976474, -7.752917267675058 ], [ 110.419580126582972, -7.752856433755322 ], [ 110.419575145605009, -7.752852148581345 ], [ 110.41956965137868, -7.752804815647858 ], [ 110.419566582021631, -7.752390867364717 ], [ 110.419552635186491, -7.75209910413757 ], [ 110.419511781974236, -7.751244556452023 ], [ 110.419491744073738, -7.75074538727023 ], [ 110.41948328063782, -7.750534676590391 ], [ 110.419475669609753, -7.75041733173951 ], [ 110.41946461265313, -7.750246932028493 ], [ 110.419469422338267, -7.750004204010025 ], [ 110.419469503187116, -7.75000013106159 ], [ 110.419472494016276, -7.749822709700473 ] ] } },
{ "type": "Feature", "properties": { "nama_jalan": "Mlandangan-Karangasem", "kelas_jalan": 0.0, "lebar_jalan": 0.0 }, "geometry": { "type": "LineString", "coordinates": [ [ 110.411328847360394, -7.75119541630639 ], [ 110.411129948431878, -7.751122381775757 ], [ 110.410559641592016, -7.750965282822112 ], [ 110.410280790441846, -7.750875420828288 ], [ 110.409880070368843, -7.750743177706946 ], [ 110.40970168014303, -7.750679550823758 ], [ 110.409675317370528, -7.75066681483189 ], [ 110.409212198392936, -7.75046188698399 ], [ 110.409155748570171, -7.750440226848171 ], [ 110.409058722237731, -7.750403006948624 ], [ 110.408860688850794, -7.750327032019897 ], [ 110.408350149028763, -7.750214543576216 ], [ 110.408082146593145, -7.750161808612105 ], [ 110.407816765378243, -7.750095862101433 ], [ 110.40759504322611, -7.750066128882346 ], [ 110.407579939849626, -7.750062652613505 ], [ 110.40748197735374, -7.750040085185013 ], [ 110.407313073817377, -7.750003515668245 ], [ 110.40729848419015, -7.750000356686345 ], [ 110.407141909303604, -7.749966453594934 ], [ 110.40688855379851, -7.749939038592268 ], [ 110.406873617862544, -7.749939044931001 ], [ 110.40668585977059, -7.749889025854702 ], [ 110.406352227337138, -7.74979190321109 ], [ 110.406166524314486, -7.749750950964225 ], [ 110.406143178199756, -7.749720953682413 ] ] } },
{ "type": "Feature", "properties": { "nama_jalan": null, "kelas_jalan": 0.0, "lebar_jalan": 0.0 }, "geometry": { "type": "LineString", "coordinates": [ [ 110.411328847360394, -7.75119541630639 ], [ 110.411129948431878, -7.751122381775757 ], [ 110.410559641592016, -7.750965282822112 ], [ 110.410280790441846, -7.750875420828288 ], [ 110.409880070368843, -7.750743177706946 ], [ 110.40970168014303, -7.750679550823758 ], [ 110.409675317370528, -7.75066681483189 ], [ 110.409212198392936, -7.75046188698399 ], [ 110.409155748570171, -7.750440226848171 ], [ 110.409058722237731, -7.750403006948624 ], [ 110.408860688850794, -7.750327032019897 ], [ 110.408350149028763, -7.750214543576216 ], [ 110.408082146593145, -7.750161808612105 ], [ 110.407816765378243, -7.750095862101433 ], [ 110.40759504322611, -7.750066128882346 ], [ 110.407579939849626, -7.750062652613505 ], [ 110.40748197735374, -7.750040085185013 ], [ 110.407313073817377, -7.750003515668245 ], [ 110.40729848419015, -7.750000356686345 ], [ 110.407141909303604, -7.749966453594934 ], [ 110.40688855379851, -7.749939038592268 ], [ 110.406873617862544, -7.749939044931001 ], [ 110.40668585977059, -7.749889025854702 ], [ 110.406352227337138, -7.74979190321109 ], [ 110.406166524314486, -7.749750950964225 ], [ 110.406143178199756, -7.749720953682413 ] ] } },
{ "type": "Feature", "properties": { "nama_jalan": "Gejayan-Gempol", "kelas_jalan": 0.0, "lebar_jalan": 0.0 }, "geometry": { "type": "LineString", "coordinates": [ [ 110.406206104630826, -7.755653489630041 ], [ 110.405573015411093, -7.755437502412577 ], [ 110.405148069344705, -7.755292518668445 ], [ 110.404978176163709, -7.755241946571373 ], [ 110.404450038798743, -7.755045534419717 ], [ 110.404383542556559, -7.755022473850945 ], [ 110.404286583238601, -7.754988175418074 ], [ 110.40402354969757, -7.754915011604593 ], [ 110.403859501612786, -7.754880527793605 ], [ 110.403653792638025, -7.754793503594454 ], [ 110.403453303285033, -7.754708688213846 ], [ 110.403380586445621, -7.754706596369783 ], [ 110.403212466793406, -7.754689410049271 ], [ 110.402859291628715, -7.754860990366193 ], [ 110.402101121710672, -7.755292429702466 ], [ 110.401959379582237, -7.755356425149149 ], [ 110.40189386843717, -7.755387855563346 ], [ 110.401892071616842, -7.755388721376093 ], [ 110.401674780367458, -7.755367168879451 ], [ 110.401268231225458, -7.755309178441435 ], [ 110.40104622861773, -7.755348095075757 ], [ 110.400875767887328, -7.755360011914944 ], [ 110.400642808121717, -7.75528575681448 ], [ 110.400606195716946, -7.755280893227438 ], [ 110.400188499620299, -7.755153790864054 ], [ 110.399561066641937, -7.754961980713666 ], [ 110.39953822027914, -7.754957281177046 ], [ 110.399379161876297, -7.754901320406969 ], [ 110.399266868867485, -7.75479031331063 ], [ 110.399247092213429, -7.754744090777534 ], [ 110.399226646902562, -7.754702555415526 ] ] } },
{ "type": "Feature", "properties": { "nama_jalan": null, "kelas_jalan": 0.0, "lebar_jalan": 0.0 }, "geometry": { "type": "LineString", "coordinates": [ [ 110.406206104630826, -7.755653489630041 ], [ 110.405573015411093, -7.755437502412577 ], [ 110.405148069344705, -7.755292518668445 ], [ 110.404978176163709, -7.755241946571373 ], [ 110.404450038798743, -7.755045534419717 ], [ 110.404383542556559, -7.755022473850945 ], [ 110.404286583238601, -7.754988175418074 ], [ 110.40402354969757, -7.754915011604593 ], [ 110.403859501612786, -7.754880527793605 ], [ 110.403653792638025, -7.754793503594454 ], [ 110.403453303285033, -7.754708688213846 ], [ 110.403380586445621, -7.754706596369783 ], [ 110.403212466793406, -7.754689410049271 ], [ 110.402859291628715, -7.754860990366193 ], [ 110.402101121710672, -7.755292429702466 ], [ 110.401959379582237, -7.755356425149149 ], [ 110.40189386843717, -7.755387855563346 ], [ 110.401892071616842, -7.755388721376093 ], [ 110.401674780367458, -7.755367168879451 ], [ 110.401268231225458, -7.755309178441435 ], [ 110.40104622861773, -7.755348095075757 ], [ 110.400875767887328, -7.755360011914944 ], [ 110.400642808121717, -7.75528575681448 ], [ 110.400606195716946, -7.755280893227438 ], [ 110.400188499620299, -7.755153790864054 ], [ 110.399561066641937, -7.754961980713666 ], [ 110.39953822027914, -7.754957281177046 ], [ 110.399379161876297, -7.754901320406969 ], [ 110.399266868867485, -7.75479031331063 ], [ 110.399247092213429, -7.754744090777534 ], [ 110.399226646902562, -7.754702555415526 ] ] } },
{ "type": "Feature", "properties": { "nama_jalan": "Gorongan-Dero", "kelas_jalan": 0.0, "lebar_jalan": 0.0 }, "geometry": { "type": "MultiLineString", "coordinates": [ [ [ 110.406139721245182, -7.749719828882808 ], [ 110.406138703598032, -7.749749790576327 ], [ 110.406099058331719, -7.75000038657283 ], [ 110.406098577063005, -7.750003427799301 ], [ 110.406077318885181, -7.750137761746092 ], [ 110.40604594999219, -7.750325902281246 ], [ 110.40601878722039, -7.750398778584595 ], [ 110.405957095625979, -7.750564309976292 ], [ 110.405818516148727, -7.751194720150979 ], [ 110.405752714191181, -7.751408284757321 ], [ 110.405714900438738, -7.75149652208382 ], [ 110.40570065303362, -7.751568094873231 ], [ 110.405638587682688, -7.751851782967121 ], [ 110.40540008880464, -7.752901750149022 ], [ 110.405399822082302, -7.752904409061816 ], [ 110.405185530798278, -7.753628112803766 ], [ 110.405137735104589, -7.753856284140809 ], [ 110.405007745412789, -7.754412544301592 ], [ 110.405005884932748, -7.754464540670407 ], [ 110.405451416693666, -7.754607735163995 ], [ 110.405510109904611, -7.754620715566822 ], [ 110.405936139627883, -7.754714946066377 ], [ 110.406010000949607, -7.754731284338559 ], [ 110.406401321602274, -7.754809918182564 ], [ 110.406432604265262, -7.754812946713686 ], [ 110.406405224123873, -7.755014823378566 ], [ 110.406326070337627, -7.755339987924162 ], [ 110.406227154063004, -7.755626899004717 ], [ 110.406206104630826, -7.755653489630041 ], [ 110.406126495410405, -7.755935244712597 ], [ 110.406067000572108, -7.75619686611395 ] ], [ [ 110.404088078242438, -7.759279234107457 ], [ 110.404128626406958, -7.759195547877481 ], [ 110.404143493769439, -7.759167175868522 ], [ 110.404308767376662, -7.758989316674783 ], [ 110.404363817372797, -7.758930075428188 ], [ 110.404628806629972, -7.758644907927084 ], [ 110.405436014050025, -7.757904394710385 ], [ 110.405630151076139, -7.757748138061179 ], [ 110.40575245880936, -7.757549451351701 ], [ 110.405755031918048, -7.757518864123891 ], [ 110.405812406679715, -7.757327204369625 ], [ 110.405878686834498, -7.757025703239082 ], [ 110.405925894765332, -7.756814482614013 ], [ 110.405970222167099, -7.756549791855751 ], [ 110.406027608259194, -7.756305262941865 ], [ 110.406067000572108, -7.75619686611395 ] ] ] } },
{ "type": "Feature", "properties": { "nama_jalan": null, "kelas_jalan": 0.0, "lebar_jalan": 0.0 }, "geometry": { "type": "MultiLineString", "coordinates": [ [ [ 110.406139721245182, -7.749719828882808 ], [ 110.406138703598032, -7.749749790576327 ], [ 110.406099058331719, -7.75000038657283 ], [ 110.406098577063005, -7.750003427799301 ], [ 110.406077318885181, -7.750137761746092 ], [ 110.40604594999219, -7.750325902281246 ], [ 110.40601878722039, -7.750398778584595 ], [ 110.405957095625979, -7.750564309976292 ], [ 110.405818516148727, -7.751194720150979 ], [ 110.405752714191181, -7.751408284757321 ], [ 110.405714900438738, -7.75149652208382 ], [ 110.40570065303362, -7.751568094873231 ], [ 110.405638587682688, -7.751851782967121 ], [ 110.40540008880464, -7.752901750149022 ], [ 110.405399822082302, -7.752904409061816 ], [ 110.405185530798278, -7.753628112803766 ], [ 110.405137735104589, -7.753856284140809 ], [ 110.405007745412789, -7.754412544301592 ], [ 110.405005884932748, -7.754464540670407 ], [ 110.405451416693666, -7.754607735163995 ], [ 110.405510109904611, -7.754620715566822 ], [ 110.405936139627883, -7.754714946066377 ], [ 110.406010000949607, -7.754731284338559 ], [ 110.406401321602274, -7.754809918182564 ], [ 110.406432604265262, -7.754812946713686 ], [ 110.406405224123873, -7.755014823378566 ], [ 110.406326070337627, -7.755339987924162 ], [ 110.406227154063004, -7.755626899004717 ], [ 110.406206104630826, -7.755653489630041 ], [ 110.406126495410405, -7.755935244712597 ], [ 110.406067000572108, -7.75619686611395 ] ], [ [ 110.404088078242438, -7.759279234107457 ], [ 110.404128626406958, -7.759195547877481 ], [ 110.404143493769439, -7.759167175868522 ], [ 110.404308767376662, -7.758989316674783 ], [ 110.404363817372797, -7.758930075428188 ], [ 110.404628806629972, -7.758644907927084 ], [ 110.405436014050025, -7.757904394710385 ], [ 110.405630151076139, -7.757748138061179 ], [ 110.40575245880936, -7.757549451351701 ], [ 110.405755031918048, -7.757518864123891 ], [ 110.405812406679715, -7.757327204369625 ], [ 110.405878686834498, -7.757025703239082 ], [ 110.405925894765332, -7.756814482614013 ], [ 110.405970222167099, -7.756549791855751 ], [ 110.406027608259194, -7.756305262941865 ], [ 110.406067000572108, -7.75619686611395 ] ] ] } },
{ "type": "Feature", "properties": { "nama_jalan": null, "kelas_jalan": 0.0, "lebar_jalan": 0.0 }, "geometry": { "type": "LineString", "coordinates": [ [ 110.401903942263559, -7.744388483238387 ], [ 110.401901311180907, -7.744402219184076 ], [ 110.401731244580532, -7.745254416894312 ], [ 110.40167647280127, -7.74553663119214 ], [ 110.401618505057172, -7.745737343870867 ], [ 110.401583276367404, -7.745947105609661 ], [ 110.401581630858772, -7.746014273745442 ], [ 110.401593309547394, -7.74601469717723 ], [ 110.401512203027252, -7.746303730700255 ], [ 110.401468309227937, -7.746536654913927 ], [ 110.401437484669458, -7.746697787757271 ], [ 110.401290717299418, -7.747367060861781 ], [ 110.401228944778353, -7.74771289806066 ], [ 110.400899792102706, -7.749125880843791 ], [ 110.40086390405483, -7.749385191927507 ], [ 110.40076291635566, -7.749814533210348 ], [ 110.400718961118741, -7.750000475586329 ], [ 110.400718365375667, -7.750002997449331 ], [ 110.400655975826851, -7.750266949372393 ], [ 110.400636075907187, -7.750391238344319 ], [ 110.400515852429436, -7.751142262393855 ], [ 110.400402983906247, -7.751687636439931 ], [ 110.400331893417857, -7.75187470826008 ], [ 110.399977040761712, -7.752808456986519 ], [ 110.399904193424234, -7.752999262785116 ], [ 110.399690661880342, -7.753532310755141 ], [ 110.3996385612853, -7.753718142846131 ], [ 110.399582351682852, -7.753918657595918 ], [ 110.399491845322757, -7.754143475386618 ], [ 110.399366903660408, -7.75435595126658 ], [ 110.399339822760126, -7.754427641317696 ], [ 110.399339671864084, -7.754438123561121 ], [ 110.399226646902562, -7.754702555415526 ], [ 110.398468928233541, -7.755670394725103 ], [ 110.398116196547505, -7.756120941901672 ], [ 110.39780179901355, -7.756481129207911 ], [ 110.397727772171081, -7.756550002960124 ], [ 110.397556691549084, -7.75670916393296 ], [ 110.397491333110125, -7.756767403738061 ], [ 110.397485397052876, -7.756777381206248 ], [ 110.397423518695462, -7.756842319354337 ], [ 110.397201911330029, -7.75707490065401 ], [ 110.397024883111442, -7.757258845772234 ], [ 110.396798375338548, -7.757455248237181 ], [ 110.39676527357804, -7.757474385222689 ], [ 110.396660100567544, -7.757489340660254 ], [ 110.396618300069875, -7.757484949662933 ], [ 110.396551147713126, -7.757471848393645 ], [ 110.395943985209911, -7.757353417874687 ], [ 110.395916258182012, -7.7573498599465 ] ] } },
{ "type": "Feature", "properties": { "nama_jalan": "Sanggrahan-Manukan", "kelas_jalan": 0.0, "lebar_jalan": 0.0 }, "geometry": { "type": "LineString", "coordinates": [ [ 110.401903942263559, -7.744388483238387 ], [ 110.401901311180907, -7.744402219184076 ], [ 110.401731244580532, -7.745254416894312 ], [ 110.40167647280127, -7.74553663119214 ], [ 110.401618505057172, -7.745737343870867 ], [ 110.401583276367404, -7.745947105609661 ], [ 110.401581630858772, -7.746014273745442 ], [ 110.401593309547394, -7.74601469717723 ], [ 110.401512203027252, -7.746303730700255 ], [ 110.401468309227937, -7.746536654913927 ], [ 110.401437484669458, -7.746697787757271 ], [ 110.401290717299418, -7.747367060861781 ], [ 110.401228944778353, -7.74771289806066 ], [ 110.400899792102706, -7.749125880843791 ], [ 110.40086390405483, -7.749385191927507 ], [ 110.40076291635566, -7.749814533210348 ], [ 110.400718961118741, -7.750000475586329 ], [ 110.400718365375667, -7.750002997449331 ], [ 110.400655975826851, -7.750266949372393 ], [ 110.400636075907187, -7.750391238344319 ], [ 110.400515852429436, -7.751142262393855 ], [ 110.400402983906247, -7.751687636439931 ], [ 110.400331893417857, -7.75187470826008 ], [ 110.399977040761712, -7.752808456986519 ], [ 110.399904193424234, -7.752999262785116 ], [ 110.399690661880342, -7.753532310755141 ], [ 110.3996385612853, -7.753718142846131 ], [ 110.399582351682852, -7.753918657595918 ], [ 110.399491845322757, -7.754143475386618 ], [ 110.399366903660408, -7.75435595126658 ], [ 110.399339822760126, -7.754427641317696 ], [ 110.399339671864084, -7.754438123561121 ], [ 110.399226646902562, -7.754702555415526 ], [ 110.398468928233541, -7.755670394725103 ], [ 110.398116196547505, -7.756120941901672 ], [ 110.39780179901355, -7.756481129207911 ], [ 110.397727772171081, -7.756550002960124 ], [ 110.397556691549084, -7.75670916393296 ], [ 110.397491333110125, -7.756767403738061 ], [ 110.397485397052876, -7.756777381206248 ], [ 110.397423518695462, -7.756842319354337 ], [ 110.397201911330029, -7.75707490065401 ], [ 110.397024883111442, -7.757258845772234 ], [ 110.396798375338548, -7.757455248237181 ], [ 110.39676527357804, -7.757474385222689 ], [ 110.396660100567544, -7.757489340660254 ], [ 110.396618300069875, -7.757484949662933 ], [ 110.396551147713126, -7.757471848393645 ], [ 110.395943985209911, -7.757353417874687 ], [ 110.395916258182012, -7.7573498599465 ] ] } },
{ "type": "Feature", "properties": { "nama_jalan": null, "kelas_jalan": 0.0, "lebar_jalan": 0.0 }, "geometry": { "type": "LineString", "coordinates": [ [ 110.395718266021561, -7.758456956444688 ], [ 110.395700387975324, -7.758340035799757 ], [ 110.395780736673146, -7.75809177042823 ], [ 110.395820426740656, -7.757941884088402 ], [ 110.395826059868625, -7.757909094298153 ], [ 110.395892725012729, -7.757521368205196 ], [ 110.395916258182012, -7.7573498599465 ], [ 110.395915764179847, -7.757289310871465 ], [ 110.395960985301883, -7.756949229593049 ], [ 110.396045642816574, -7.756668009634856 ], [ 110.396069727111282, -7.756523285791882 ], [ 110.396068196878872, -7.756451682043211 ], [ 110.396095277900571, -7.756431260290991 ], [ 110.396169513026024, -7.756343672676132 ], [ 110.396256795006067, -7.75620663641195 ], [ 110.396434558104772, -7.755927554611886 ], [ 110.396457606916897, -7.755879295119267 ], [ 110.396567599994313, -7.755567455025183 ], [ 110.396602563813914, -7.755520027382021 ], [ 110.396696160247259, -7.755426090249142 ], [ 110.396734486951303, -7.75531610099274 ], [ 110.396741615256175, -7.755245839145294 ], [ 110.396943127442938, -7.754685946221245 ], [ 110.397166838279759, -7.75395585440031 ], [ 110.397211887914494, -7.753798902097814 ], [ 110.398163567270274, -7.753982884987146 ], [ 110.398420608031998, -7.752508975827438 ], [ 110.398488901090815, -7.752047761031347 ], [ 110.398536454189738, -7.75161395455436 ], [ 110.39865648684146, -7.75082169411799 ], [ 110.398669670556814, -7.75062499729424 ], [ 110.398727047354228, -7.750388547788236 ], [ 110.398765568238886, -7.750229786921234 ], [ 110.398794335580305, -7.750002827011708 ], [ 110.398794631802204, -7.750000495582749 ], [ 110.398832875597336, -7.749698838577537 ], [ 110.398851933268872, -7.749548517414417 ], [ 110.398956557824505, -7.748877196170641 ], [ 110.399004334373913, -7.748618888021393 ], [ 110.399136642574774, -7.747851689723753 ], [ 110.39920812563193, -7.747336867407519 ], [ 110.39935982443032, -7.746241004346464 ], [ 110.399408021262019, -7.745993460437544 ], [ 110.399407021371545, -7.745886291720892 ], [ 110.399372113112946, -7.745702634391169 ], [ 110.399385865676791, -7.745705665817544 ], [ 110.399383567778486, -7.745669779440386 ], [ 110.399415382900088, -7.745367417627644 ], [ 110.399464209878545, -7.744987922564857 ], [ 110.399578580048768, -7.744373826280518 ], [ 110.399698273062825, -7.744022353440735 ], [ 110.399807349419376, -7.743740116423974 ], [ 110.400207264358798, -7.742831247571502 ] ] } },
{ "type": "Feature", "properties": { "nama_jalan": "Gejayan-Manukan", "kelas_jalan": 0.0, "lebar_jalan": 0.0 }, "geometry": { "type": "LineString", "coordinates": [ [ 110.395718266021561, -7.758456956444688 ], [ 110.395700387975324, -7.758340035799757 ], [ 110.395780736673146, -7.75809177042823 ], [ 110.395820426740656, -7.757941884088402 ], [ 110.395826059868625, -7.757909094298153 ], [ 110.395892725012729, -7.757521368205196 ], [ 110.395916258182012, -7.7573498599465 ], [ 110.395915764179847, -7.757289310871465 ], [ 110.395960985301883, -7.756949229593049 ], [ 110.396045642816574, -7.756668009634856 ], [ 110.396069727111282, -7.756523285791882 ], [ 110.396068196878872, -7.756451682043211 ], [ 110.396095277900571, -7.756431260290991 ], [ 110.396169513026024, -7.756343672676132 ], [ 110.396256795006067, -7.75620663641195 ], [ 110.396434558104772, -7.755927554611886 ], [ 110.396457606916897, -7.755879295119267 ], [ 110.396567599994313, -7.755567455025183 ], [ 110.396602563813914, -7.755520027382021 ], [ 110.396696160247259, -7.755426090249142 ], [ 110.396734486951303, -7.75531610099274 ], [ 110.396741615256175, -7.755245839145294 ], [ 110.396943127442938, -7.754685946221245 ], [ 110.397166838279759, -7.75395585440031 ], [ 110.397211887914494, -7.753798902097814 ], [ 110.398163567270274, -7.753982884987146 ], [ 110.398420608031998, -7.752508975827438 ], [ 110.398488901090815, -7.752047761031347 ], [ 110.398536454189738, -7.75161395455436 ], [ 110.39865648684146, -7.75082169411799 ], [ 110.398669670556814, -7.75062499729424 ], [ 110.398727047354228, -7.750388547788236 ], [ 110.398765568238886, -7.750229786921234 ], [ 110.398794335580305, -7.750002827011708 ], [ 110.398794631802204, -7.750000495582749 ], [ 110.398832875597336, -7.749698838577537 ], [ 110.398851933268872, -7.749548517414417 ], [ 110.398956557824505, -7.748877196170641 ], [ 110.399004334373913, -7.748618888021393 ], [ 110.399136642574774, -7.747851689723753 ], [ 110.39920812563193, -7.747336867407519 ], [ 110.39935982443032, -7.746241004346464 ], [ 110.399408021262019, -7.745993460437544 ], [ 110.399407021371545, -7.745886291720892 ], [ 110.399372113112946, -7.745702634391169 ], [ 110.399385865676791, -7.745705665817544 ], [ 110.399383567778486, -7.745669779440386 ], [ 110.399415382900088, -7.745367417627644 ], [ 110.399464209878545, -7.744987922564857 ], [ 110.399578580048768, -7.744373826280518 ], [ 110.399698273062825, -7.744022353440735 ], [ 110.399807349419376, -7.743740116423974 ], [ 110.400207264358798, -7.742831247571502 ] ] } },
{ "type": "Feature", "properties": { "nama_jalan": "Ps Kolombo-Manukan", "kelas_jalan": 0.0, "lebar_jalan": 0.0 }, "geometry": { "type": "MultiLineString", "coordinates": [ [ [ 110.388755722767286, -7.745628491160642 ], [ 110.388771701299035, -7.745631682597394 ], [ 110.389336421310631, -7.745775967424088 ], [ 110.389603817329004, -7.74584265063466 ], [ 110.3897679640814, -7.74589330345195 ], [ 110.389946346562738, -7.745939524556056 ], [ 110.39010711884282, -7.745960677940103 ], [ 110.390135274797643, -7.745949175695587 ], [ 110.390431193712701, -7.745944850339884 ], [ 110.390773696349612, -7.745953798220923 ], [ 110.390931210250983, -7.745988946750029 ], [ 110.39114956819499, -7.746033489628665 ], [ 110.391289779333007, -7.746063104802611 ], [ 110.391401749219156, -7.746074595597912 ], [ 110.392257186322951, -7.746164185844079 ], [ 110.392685306118494, -7.746385448558806 ], [ 110.393405724600299, -7.746442835980613 ], [ 110.394050430557328, -7.746475580423728 ], [ 110.394573450379596, -7.746477282575973 ], [ 110.394584761520576, -7.746473560264196 ] ], [ [ 110.396900395049087, -7.745377701501266 ], [ 110.397181781667356, -7.745446059909534 ], [ 110.397411319653472, -7.745454353302257 ], [ 110.397708471229379, -7.74547663642397 ], [ 110.397859801334647, -7.74552498778612 ], [ 110.397897440992566, -7.745527456024449 ], [ 110.398063559242118, -7.745551416174035 ], [ 110.398339684870393, -7.745551300437737 ], [ 110.398559965806726, -7.74558970873988 ], [ 110.398761878628633, -7.745624917065848 ], [ 110.399047948306858, -7.74564755267765 ], [ 110.399372113112946, -7.745702634391169 ] ] ] } },
{ "type": "Feature", "properties": { "nama_jalan": null, "kelas_jalan": 0.0, "lebar_jalan": 0.0 }, "geometry": { "type": "MultiLineString", "coordinates": [ [ [ 110.388755722767286, -7.745628491160642 ], [ 110.388771701299035, -7.745631682597394 ], [ 110.389336421310631, -7.745775967424088 ], [ 110.389603817329004, -7.74584265063466 ], [ 110.3897679640814, -7.74589330345195 ], [ 110.389946346562738, -7.745939524556056 ], [ 110.39010711884282, -7.745960677940103 ], [ 110.390135274797643, -7.745949175695587 ], [ 110.390431193712701, -7.745944850339884 ], [ 110.390773696349612, -7.745953798220923 ], [ 110.390931210250983, -7.745988946750029 ], [ 110.39114956819499, -7.746033489628665 ], [ 110.391289779333007, -7.746063104802611 ], [ 110.391401749219156, -7.746074595597912 ], [ 110.392257186322951, -7.746164185844079 ], [ 110.392685306118494, -7.746385448558806 ], [ 110.393405724600299, -7.746442835980613 ], [ 110.394050430557328, -7.746475580423728 ], [ 110.394573450379596, -7.746477282575973 ], [ 110.394584761520576, -7.746473560264196 ] ], [ [ 110.396900395049087, -7.745377701501266 ], [ 110.397181781667356, -7.745446059909534 ], [ 110.397411319653472, -7.745454353302257 ], [ 110.397708471229379, -7.74547663642397 ], [ 110.397859801334647, -7.74552498778612 ], [ 110.397897440992566, -7.745527456024449 ], [ 110.398063559242118, -7.745551416174035 ], [ 110.398339684870393, -7.745551300437737 ], [ 110.398559965806726, -7.74558970873988 ], [ 110.398761878628633, -7.745624917065848 ], [ 110.399047948306858, -7.74564755267765 ], [ 110.399372113112946, -7.745702634391169 ] ] ] } },
{ "type": "Feature", "properties": { "nama_jalan": null, "kelas_jalan": 0.0, "lebar_jalan": 0.0 }, "geometry": { "type": "LineString", "coordinates": [ [ 110.382787638778026, -7.754366630348358 ], [ 110.382780943373774, -7.754368525550217 ], [ 110.382372042722039, -7.754484308337162 ], [ 110.382276565672257, -7.754504114366187 ], [ 110.382123030321893, -7.754525826046106 ], [ 110.381887893551763, -7.754578688278853 ], [ 110.381281700297052, -7.754735255686408 ], [ 110.381070031445461, -7.75479659158432 ], [ 110.380884538958838, -7.754840679261035 ], [ 110.380862577081047, -7.754845902551174 ], [ 110.380681476113622, -7.754889010601901 ], [ 110.380475303424731, -7.754938079018403 ], [ 110.380453284339609, -7.754950166565078 ], [ 110.380277179048363, -7.754988425368415 ], [ 110.380067256663352, -7.755050323182853 ], [ 110.379682027755493, -7.755139969236606 ], [ 110.379541459558666, -7.755172679658225 ], [ 110.379173845266237, -7.75527229966252 ], [ 110.37902827843611, -7.75530063381319 ], [ 110.378980785569567, -7.755306490002824 ], [ 110.378774841625187, -7.755360125694826 ], [ 110.37788551672601, -7.755597922257385 ] ] } },
{ "type": "Feature", "properties": { "nama_jalan": "Kentungan-Gemawang", "kelas_jalan": 0.0, "lebar_jalan": 0.0 }, "geometry": { "type": "LineString", "coordinates": [ [ 110.382787638778026, -7.754366630348358 ], [ 110.382780943373774, -7.754368525550217 ], [ 110.382372042722039, -7.754484308337162 ], [ 110.382276565672257, -7.754504114366187 ], [ 110.382123030321893, -7.754525826046106 ], [ 110.381887893551763, -7.754578688278853 ], [ 110.381281700297052, -7.754735255686408 ], [ 110.381070031445461, -7.75479659158432 ], [ 110.380884538958838, -7.754840679261035 ], [ 110.380862577081047, -7.754845902551174 ], [ 110.380681476113622, -7.754889010601901 ], [ 110.380475303424731, -7.754938079018403 ], [ 110.380453284339609, -7.754950166565078 ], [ 110.380277179048363, -7.754988425368415 ], [ 110.380067256663352, -7.755050323182853 ], [ 110.379682027755493, -7.755139969236606 ], [ 110.379541459558666, -7.755172679658225 ], [ 110.379173845266237, -7.75527229966252 ], [ 110.37902827843611, -7.75530063381319 ], [ 110.378980785569567, -7.755306490002824 ], [ 110.378774841625187, -7.755360125694826 ], [ 110.37788551672601, -7.755597922257385 ] ] } },
{ "type": "Feature", "properties": { "nama_jalan": null, "kelas_jalan": 0.0, "lebar_jalan": 0.0 }, "geometry": { "type": "LineString", "coordinates": [ [ 110.397029821092104, -7.741082015521459 ], [ 110.397435520917213, -7.741211890946103 ], [ 110.39746480373384, -7.741217522243746 ], [ 110.397955705821261, -7.741323104406743 ], [ 110.398202275858409, -7.741393262253366 ], [ 110.398313287650737, -7.741421079069988 ], [ 110.398185543388081, -7.741816108996856 ], [ 110.398208424419593, -7.74184700435218 ], [ 110.398572236075779, -7.742033712716542 ], [ 110.39889737772144, -7.742178839848094 ], [ 110.399216369440552, -7.742343803212292 ], [ 110.399292242678058, -7.742390032405097 ], [ 110.400207264358798, -7.742831247571502 ], [ 110.400580335934123, -7.742775276932006 ], [ 110.40088321217462, -7.742805617786254 ], [ 110.401333317252025, -7.74294096813615 ], [ 110.401806573354037, -7.743082134007502 ], [ 110.401884361555631, -7.74321698114646 ], [ 110.401836043564671, -7.743451447799356 ], [ 110.401847653241575, -7.744112238448966 ], [ 110.401903942263559, -7.744388483238387 ], [ 110.401993945411519, -7.744325600746746 ], [ 110.402255750827933, -7.744254453086409 ], [ 110.402374945753692, -7.744222061157588 ], [ 110.402768861590189, -7.744324949579678 ], [ 110.403080813421738, -7.744410457426469 ], [ 110.403142033880499, -7.744436647564296 ], [ 110.40339773571705, -7.744482493775749 ], [ 110.403634102770894, -7.744509652563386 ], [ 110.403971967202011, -7.744579628358464 ], [ 110.404146615023265, -7.74460642920681 ], [ 110.404668571555206, -7.744713457596907 ], [ 110.40555459766999, -7.744893020120381 ], [ 110.40600922809486, -7.745001979141295 ], [ 110.406247688163802, -7.745059321428088 ], [ 110.406313490335464, -7.745075143582167 ], [ 110.406386926805652, -7.745094522074449 ], [ 110.406413596060958, -7.745100245835665 ] ] } },
{ "type": "Feature", "properties": { "nama_jalan": "Banteng-Mlandangan", "kelas_jalan": 0.0, "lebar_jalan": 0.0 }, "geometry": { "type": "LineString", "coordinates": [ [ 110.397029821092104, -7.741082015521459 ], [ 110.397435520917213, -7.741211890946103 ], [ 110.39746480373384, -7.741217522243746 ], [ 110.397955705821261, -7.741323104406743 ], [ 110.398202275858409, -7.741393262253366 ], [ 110.398313287650737, -7.741421079069988 ], [ 110.398185543388081, -7.741816108996856 ], [ 110.398208424419593, -7.74184700435218 ], [ 110.398572236075779, -7.742033712716542 ], [ 110.39889737772144, -7.742178839848094 ], [ 110.399216369440552, -7.742343803212292 ], [ 110.399292242678058, -7.742390032405097 ], [ 110.400207264358798, -7.742831247571502 ], [ 110.400580335934123, -7.742775276932006 ], [ 110.40088321217462, -7.742805617786254 ], [ 110.401333317252025, -7.74294096813615 ], [ 110.401806573354037, -7.743082134007502 ], [ 110.401884361555631, -7.74321698114646 ], [ 110.401836043564671, -7.743451447799356 ], [ 110.401847653241575, -7.744112238448966 ], [ 110.401903942263559, -7.744388483238387 ], [ 110.401993945411519, -7.744325600746746 ], [ 110.402255750827933, -7.744254453086409 ], [ 110.402374945753692, -7.744222061157588 ], [ 110.402768861590189, -7.744324949579678 ], [ 110.403080813421738, -7.744410457426469 ], [ 110.403142033880499, -7.744436647564296 ], [ 110.40339773571705, -7.744482493775749 ], [ 110.403634102770894, -7.744509652563386 ], [ 110.403971967202011, -7.744579628358464 ], [ 110.404146615023265, -7.74460642920681 ], [ 110.404668571555206, -7.744713457596907 ], [ 110.40555459766999, -7.744893020120381 ], [ 110.40600922809486, -7.745001979141295 ], [ 110.406247688163802, -7.745059321428088 ], [ 110.406313490335464, -7.745075143582167 ], [ 110.406386926805652, -7.745094522074449 ], [ 110.406413596060958, -7.745100245835665 ] ] } },
{ "type": "Feature", "properties": { "nama_jalan": null, "kelas_jalan": 0.0, "lebar_jalan": 0.0 }, "geometry": { "type": "MultiLineString", "coordinates": [ [ [ 110.399966381888305, -7.731847076290387 ], [ 110.399964402878197, -7.731848018242508 ] ], [ [ 110.399787872578273, -7.732922664965533 ], [ 110.39972482019229, -7.733049588415977 ], [ 110.399656559367713, -7.73314197041385 ], [ 110.399642181210226, -7.733151971355047 ], [ 110.399493286794495, -7.733501566425396 ], [ 110.399442787939535, -7.733769504254068 ], [ 110.399383481999848, -7.734121404279599 ], [ 110.399312096723705, -7.734416494369791 ], [ 110.399227844775922, -7.734769020439504 ], [ 110.399193187777342, -7.734851083846863 ], [ 110.399164169555419, -7.734908678916812 ], [ 110.399143267928025, -7.735049202626216 ], [ 110.399053331721333, -7.735476034963881 ], [ 110.398950887892227, -7.735982629981575 ], [ 110.398900975056634, -7.736367730767355 ], [ 110.398866606875359, -7.736521051592178 ], [ 110.398652241296901, -7.737315424107095 ], [ 110.398539686245627, -7.738037604743477 ], [ 110.39850113859282, -7.738214945429511 ], [ 110.399086068977113, -7.738377315856923 ], [ 110.399154605792532, -7.738398189183524 ], [ 110.399156458884207, -7.738427986629707 ], [ 110.39911533632997, -7.73863073982012 ], [ 110.398990936661278, -7.739067219901118 ], [ 110.398894374332173, -7.739504573115708 ], [ 110.398842649357306, -7.73978503656694 ], [ 110.398813291758017, -7.739889846042467 ], [ 110.398744460332082, -7.740135616075037 ], [ 110.398462062752529, -7.740960979667962 ], [ 110.398313287650737, -7.741421079069988 ] ] ] } },
{ "type": "Feature", "properties": { "nama_jalan": "Manukan-Tiyasan", "kelas_jalan": 0.0, "lebar_jalan": 0.0 }, "geometry": { "type": "MultiLineString", "coordinates": [ [ [ 110.399966381888305, -7.731847076290387 ], [ 110.399964402878197, -7.731848018242508 ] ], [ [ 110.399787872578273, -7.732922664965533 ], [ 110.39972482019229, -7.733049588415977 ], [ 110.399656559367713, -7.73314197041385 ], [ 110.399642181210226, -7.733151971355047 ], [ 110.399493286794495, -7.733501566425396 ], [ 110.399442787939535, -7.733769504254068 ], [ 110.399383481999848, -7.734121404279599 ], [ 110.399312096723705, -7.734416494369791 ], [ 110.399227844775922, -7.734769020439504 ], [ 110.399193187777342, -7.734851083846863 ], [ 110.399164169555419, -7.734908678916812 ], [ 110.399143267928025, -7.735049202626216 ], [ 110.399053331721333, -7.735476034963881 ], [ 110.398950887892227, -7.735982629981575 ], [ 110.398900975056634, -7.736367730767355 ], [ 110.398866606875359, -7.736521051592178 ], [ 110.398652241296901, -7.737315424107095 ], [ 110.398539686245627, -7.738037604743477 ], [ 110.39850113859282, -7.738214945429511 ], [ 110.399086068977113, -7.738377315856923 ], [ 110.399154605792532, -7.738398189183524 ], [ 110.399156458884207, -7.738427986629707 ], [ 110.39911533632997, -7.73863073982012 ], [ 110.398990936661278, -7.739067219901118 ], [ 110.398894374332173, -7.739504573115708 ], [ 110.398842649357306, -7.73978503656694 ], [ 110.398813291758017, -7.739889846042467 ], [ 110.398744460332082, -7.740135616075037 ], [ 110.398462062752529, -7.740960979667962 ], [ 110.398313287650737, -7.741421079069988 ] ] ] } },
{ "type": "Feature", "properties": { "nama_jalan": null, "kelas_jalan": 0.0, "lebar_jalan": 0.0 }, "geometry": { "type": "LineString", "coordinates": [ [ 110.434136732121786, -7.745756854466579 ], [ 110.434137179149644, -7.745782926847857 ], [ 110.43414655062756, -7.745854903183817 ], [ 110.434174212223297, -7.746083992406746 ], [ 110.434229403881631, -7.746518463109938 ], [ 110.434274016966839, -7.7469897790947 ], [ 110.434323620442044, -7.747500584147565 ], [ 110.434436698164234, -7.74862130318513 ], [ 110.43444166644349, -7.748670533043328 ], [ 110.434467215035468, -7.749150597561385 ], [ 110.434523405086836, -7.749978293918431 ], [ 110.434522006097879, -7.750000498111444 ], [ 110.434521748549898, -7.75000457536116 ], [ 110.434519653841861, -7.750037770399239 ], [ 110.434494462805034, -7.75043753630584 ], [ 110.434474274688426, -7.75075792787042 ], [ 110.434447119634058, -7.751100335320045 ], [ 110.43445502939035, -7.75114646566082 ] ] } },
{ "type": "Feature", "properties": { "nama_jalan": "Tajem-Babadan", "kelas_jalan": 0.0, "lebar_jalan": 0.0 }, "geometry": { "type": "LineString", "coordinates": [ [ 110.434136732121786, -7.745756854466579 ], [ 110.434137179149644, -7.745782926847857 ], [ 110.43414655062756, -7.745854903183817 ], [ 110.434174212223297, -7.746083992406746 ], [ 110.434229403881631, -7.746518463109938 ], [ 110.434274016966839, -7.7469897790947 ], [ 110.434323620442044, -7.747500584147565 ], [ 110.434436698164234, -7.74862130318513 ], [ 110.43444166644349, -7.748670533043328 ], [ 110.434467215035468, -7.749150597561385 ], [ 110.434523405086836, -7.749978293918431 ], [ 110.434522006097879, -7.750000498111444 ], [ 110.434521748549898, -7.75000457536116 ], [ 110.434519653841861, -7.750037770399239 ], [ 110.434494462805034, -7.75043753630584 ], [ 110.434474274688426, -7.75075792787042 ], [ 110.434447119634058, -7.751100335320045 ], [ 110.43445502939035, -7.75114646566082 ] ] } }
]
}
